"Name";"Built By";"Yacht Type";"Length";"Top Speed";"Cruise Speed";"Range";"Crew";"Delivered";"Beam";"Guests";"Refit";"Flag";"Exterior Designer";"Interior Designer";"Short Info";"Owner";"Price";"Seized By";"imageName"
"Azzam";"Lürssen";"Motor Yacht";"180.0";"31.5";"26";"6";"60.0";"2013";"20.8";"36.0";"";"UAE";"Nauta Yachts";"Christophe Leoni";"Launched in 2013, Azzam is the largest private motor yacht in the world, measuring 180 meters in length. Built by Lürssen, she features an elegant exterior design by Nauta Yachts and luxurious interiors by Christophe Leoni. Azzam is known for her exceptional speed, capable of reaching over 31 knots, and her sophisticated engineering.";"Sheikh Khalifa bin Zayed Al Nahyan";"$600 000";"";"azzam"
"Fulk Al Salamah";"Mariotti Yachts";"Motor Yacht";"164.0";"19";"17";"5";"180.0";"2016";"24";"50.0";"";"Oman";"Studio de Jorio";"Studio de Jorio";"Fulk Al Salamah is the second-largest yacht in the world, with a length of 164 meters. Built by Mariotti Yachts and delivered in 2016, she serves as a support vessel to the Omani royal yacht. Designed by Studio de Jorio, Fulk Al Salamah offers extensive amenities and accommodations for a large crew and guests.";"Sultan of Oman";"$500 000";"";"fulk_al_salamah"
"Eclipse";"Blohm+Voss";"Motor Yacht";"162.5";"25";"20";"9";"70.0";"2010";"22";"36.0";"2015";"Bermuda";"Terence Disdale";"Terence Disdale";"Eclipse, a 162.5-meter motor yacht built by Blohm+Voss and delivered in 2010, is known for its impressive size and luxurious amenities. Designed by Terence Disdale, both exterior and interior, Eclipse features a large swimming pool, a helipad, and extensive leisure facilities. The yacht underwent a significant refit in 2015, enhancing its luxury and comfort.";"Roman Abramovich";"$1500 000";"";"eclipse"
"Dubai";"Platinum Yachts";"Motor Yacht";"162.0";"26";"20";"8,5";"88.0";"2006";"22";"48.0";"";"United Arab Emirates";"Andrew Winch";"Platinum Yachts";"Dubai, a 162-meter motor yacht built by Platinum Yachts and delivered in 2006, is known for its impressive size and luxurious amenities. Designed by Andrew Winch with interiors by Platinum Yachts, Dubai features a large swimming pool, a helipad, and extensive leisure facilities. The yacht offers an exquisite experience for her guests, combining style and performance.";"Sheikh Mohammed bin Rashid Al Maktoum";"$400 000";"";"dubai"
"Blue";"Lürssen";"Motor Yacht";"160.0";"20";"18";"5";"80.0";"2022";"22.5";"48.0";"-";"-";"Terence Disdale";"Terence Disdale";"In 2022, the prestigious Lurssen shipyard launched the magnificent Blue yacht, an awe-inspiring vessel designed by the esteemed Terence Disdale. As one of the world’s largest yachts with a volume of 15,320 tons, Blue is only slightly smaller than the renowned Dilbar, yet offers a distinctive level of grandeur and elegance.";"Mansour bin Zayed Al Nahyan";"$600 000";"";"blue"
"Dilbar";"Lürssen";"Motor Yacht";"156.0";"22.5";"18";"10";"96.0";"2016";"23.5";"40.0";"";"Cayman Islands";"Espen Øino";"Andrew Winch";"Dilbar, a 156-meter motor yacht built by Lürssen and delivered in 2016, is known for its impressive size and luxurious amenities. Designed by Espen Øino with interiors by Andrew Winch, Dilbar features a large swimming pool, a helipad, and extensive leisure facilities. The yacht offers an exquisite experience for her guests, combining style and performance.";"Alisher Usmanov";"$800 000";"German government";"dilbar"
"Al Said";"Lürssen";"Motor Yacht";"155.0";"22";"18";"9";"154.0";"2008";"24";"65.0";"";"Oman";"Espen Øino";"Redman Whiteley Dixon";"Al Said, a 155-meter motor yacht built by Lürssen and delivered in 2008, is known for its impressive size and luxurious amenities. Designed by Espen Øino with interiors by Redman Whiteley Dixon, Al Said features a large swimming pool, a helipad, and extensive leisure facilities. The yacht offers an exquisite experience for her guests, combining style and performance.";"Sultan of Oman";"$600 000";"";"al_said"
"A+";"Lürssen";"Motor Yacht";"147.0";"22";"17";"7,5";"80.0";"2012";"20";"62.0";"";"UAE";"Tim Heywood";"Terence Disdale Design";"A+, a 147-meter motor yacht built by Lürssen and delivered in 2012, is known for its impressive size and luxurious amenities. Designed by Tim Heywood with interiors by Terence Disdale Design, A+ features a large swimming pool, a helipad, and extensive leisure facilities. The yacht offers an exquisite experience for her guests, combining style and performance.";"Mansour bin Zayed Al Nahyan";"$527 000";"";"a+"
"Prince Abdulaziz";"Helsingør Værft";"Motor Yacht";"147.0";"22";"18";"8,5";"65.0";"1984";"18";"22.0";"2005";"Saudi Arabia";"Maierform";"David Hicks";"Prince Abdulaziz, a 147-meter yacht, was the largest yacht in the world at the time of her delivery in";"Saudi Royal Family";"$184 000";"";"prince_abdulaziz"
"Topaz";"Lürssen";"Motor Yacht";"147.0";"23";"20";"7";"79.0";"2012";"21";"62.0";"2019";"UAE";"Tim Heywood";"Terence Disdale Design";"Topaz, a 147-meter motor yacht built by Lürssen and delivered in 2012, is known for its impressive size and luxurious amenities. Designed by Tim Heywood with interiors by Terence Disdale Design, Topaz features a large swimming pool, a helipad, and extensive leisure facilities. The yacht underwent a significant refit in 2019, enhancing its luxury and comfort.";"Mansour bin Zayed Al Nahyan";"$527 000";"";"topaz"
"Opera";"Lürssen";"Motor Yacht";"146.4";"20";"16";"6000";"56.0";"2023";"20";"36.0";"";"Cayman Islands";"Espen Øino";"Terence Disdale";"Opera is a 146.4-meter motor yacht built by Lürssen and delivered in 2023. The yacht features an exterior design by Espen Øino and luxurious interiors by Terence Disdale.";"Abdullah bin Zayed Al Nahyan";"$450 000";"";"opera"
"Project 1007";"Lürssen";"Motor Yacht";"146.0";"24";"16";"7,5";"70.0";"2020";"20";"36.0";"";"Cayman Islands";"Espen Øino";"Reymond Langton Design";"Project 1007, a 146-meter motor yacht built by Lürssen and delivered in 2020, is known for its impressive size and luxurious amenities. Designed by Espen Øino with interiors by Reymond Langton Design, Project 1007 features a large swimming pool, a helipad, and extensive leisure facilities. The yacht offers an exquisite experience for her guests, combining style and performance.";"Bernard Arnault";"$500 000";"";"project_1007"
"El Mahrousa";"Samuda Brothers";"Motor Yacht";"145.7";"16";"13";"6";"160.0";"1865";"13";"54.0";"2016";"Egypt";"Sir Oliver Lang";"Multiple refits";"El Mahrousa, a 145.7-meter motor yacht built by Samuda Brothers and delivered in 1865, is known for its historic significance and luxurious amenities. Designed by Sir Oliver Lang with multiple refits over the years, El Mahrousa features a large swimming pool, a helipad, and extensive leisure facilities. The yacht underwent a significant refit in 2016, enhancing its luxury and comfort.";"Egyptian Government";"Priceless";"";"el_mahrousa"
"Sailing Yacht A";"Nobiskrug";"Sailing Yacht";"142.81";"21";"18";"5,32";"54.0";"2017";"25";"20.0";"";"Bermuda";"Philippe Starck";"Philippe Starck";"Sailing Yacht A, a 142.81-meter sailing yacht built by Nobiskrug and delivered in 2017, is known for its futuristic design and luxurious amenities. Designed by Philippe Starck, both exterior and interior, Sailing Yacht A features a unique sail-assisted propulsion system, extensive leisure facilities, and a modern, minimalist aesthetic.";"Andrey Melnichenko";"$480 000";"";"sailing_yacht_a"
"Nord";"Lürssen";"Motor Yacht";"142.0";"20";"15";"6";"40.0";"2021";"19";"24.0";"";"Cayman Islands";"Nuvolari Lenard";"Nuvolari Lenard";"Nord, a 142-meter motor yacht built by Lürssen and delivered in 2021, is known for its sleek design and luxurious amenities. Designed by Nuvolari Lenard, both exterior and interior, Nord features a large swimming pool, a helipad, and extensive leisure facilities. The yacht offers an exquisite experience for her guests, combining style and performance. Lady M and Nord are two different yachts, both owned by Russian oligarch Alexei Mordashov. While Lady M has been seized, Nord remains docked in the Seychelles, avoiding sanctions.";"Alexei Mordashov";"$500 000";"";"nord"
"Yas";"Abu Dhabi MAR";"Motor Yacht";"141.0";"26";"20";"6";"56.0";"2015";"15";"60.0";"";"UAE";"Pierrejean Design Studio";"Pierrejean Design Studio";"Yas, a 141-meter motor yacht built by Abu Dhabi MAR and delivered in 2015, is known for its sleek design and luxurious amenities. Designed by Pierrejean Design Studio, both exterior and interior, Yas features a large swimming pool, a helipad, and extensive leisure facilities. The yacht offers an exquisite experience for her guests, combining style and performance.";"Sheikh Hamdan bin Zayed Al Nahyan";"$180 000";"";"yas"
"Ocean Victory";"Fincantieri";"Motor Yacht";"140.0";"19";"15";"8";"50.0";"2014";"19";"28.0";"";"Cayman Islands";"Espen Øino";"Alberto Pinto";"Ocean Victory, a 140-meter motor yacht built by Fincantieri and delivered in 2014, is known for its impressive size and luxurious amenities. Designed by Espen Øino with interiors by Alberto Pinto, Ocean Victory features a large swimming pool, a helipad, and extensive leisure facilities. The yacht offers an exquisite experience for her guests, combining style and performance.";"Viktor Rashnikov";"$300 000";"";"ocean_victory"
"Scheherazade";"Lürssen";"Motor Yacht";"140.0";"19";"15";"5000";"70.0";"2020";"18";"40.0";"";"Cayman Islands";"Espen Øino";"Zuretti Interior Design";"Scheherazade is a 140-meter motor yacht built by Lürssen and delivered in 2020. The yacht features an exterior design by Espen Øino and luxurious interiors by Zuretti Interior Design. Believed to be owned by Russian President Vladimir Putin. The 140-meter luxury ship Scheherazade was seized by Italy in May 2022 as part of EU sanctions over Russia's invasion of Ukraine. A U.S. federal court case over superyacht seizures is pending and investigative journalists have alleged that Putin's ownership is being concealed behind a straw owner. Eduard Khudainatov, the former CEO of Russian energy giant Rosneft, says he is the owner of the Scheherazade -- and two other seized superyachts linked to oligarchs.";"Eduard Khudainatov";"$700 000";"Italian government";"-"
"Al Salamah";"HDW & Lürssen";"Motor Yacht";"139.0";"21";"17";"7,5";"96.0";"1999";"23";"40.0";"2009";"Saudi Arabia";"Terence Disdale";"Terence Disdale";"Al Salamah, a 139-meter motor yacht built by HDW & Lürssen and delivered in 1999, is known for its impressive size and luxurious amenities. Designed by Terence Disdale, both exterior and interior, Al Salamah features a large swimming pool, a helipad, and extensive leisure facilities. The yacht underwent a significant refit in 2009, enhancing its luxury and comfort.";"Sultan bin Abdulaziz Al Saud";"$200 000";"";"-"
"Solaris";"Lloyd Werft";"Motor Yacht";"139.0";"18";"15";"6000";"60.0";"2021";"21";"36.0";"";"Bermuda";"Marc Newson";"Marc Newson";"Solaris is a 139-meter motor yacht built by Lloyd Werft and delivered in 2021. The yacht features both exterior and interior designs by Marc Newson.";"Roman Abramovich";"$600 000";"";"-"
"Rising Sun";"Lürssen";"Motor Yacht";"138.0";"28";"24";"8";"46.0";"2004";"18.5";"16.0";"2011";"Cayman Islands";"Jon Bannenberg";"Seccombe Design";"Rising Sun, a 138-meter motor yacht built by Lürssen and delivered in 2004, is known for its sleek design and luxurious amenities. Designed by Jon Bannenberg with interiors by Seccombe Design, Rising Sun features a large swimming pool, a helipad, and extensive leisure facilities. The yacht underwent a significant refit in 2011, enhancing its luxury and comfort.";"David Geffen";"$590 000";"";"-"
"Flying Fox";"Lürssen";"Motor Yacht";"136.0";"20";"15";"6";"54.0";"2019";"20.5";"22.0";"";"Cayman Islands";"Espen Øino";"Mark Berryman Design";"Flying Fox, a 136-meter motor yacht built by Lürssen and delivered in 2019, is known for its impressive size and luxurious amenities. Designed by Espen Øino with interiors by Mark Berryman Design, Flying Fox features a large swimming pool, a helipad, and extensive leisure facilities. The yacht offers an exquisite experience for her guests, combining style and performance.";"Dmitry Kamenshchik";"$400 000";"";"-"
"Savarona";"Blohm+Voss";"Motor Yacht";"136.0";"18";"16";"5";"50.0";"1931";"16";"34.0";"1992, 2013";"Turkey";"Cox & Stevens";"Donald Starkey";"Savarona, built by Blohm+Voss and delivered in 1931, is one of the most iconic superyachts in the world. Originally commissioned by Emily Roebling Cadwalader, the yacht was later acquired by the Turkish government. Savarona underwent extensive refits in 1992 and 2013 and features classic design elements with modern amenities. The yacht is currently used for official state functions and private charters.";"Turkish Government";"$100 000";"";"-"
"Crescent";"Lürssen";"Motor Yacht";"135.0";"20";"14";"6";"36.0";"2018";"22";"20.0";"";"Cayman Islands";"Espen Øino";"Zuretti Interior Design";"Crescent, a 135-meter motor yacht built by Lürssen and delivered in 2018, is known for its impressive size and luxurious amenities. Designed by Espen Øino with interiors by Zuretti Interior Design, Crescent features a large swimming pool, a helipad, and extensive leisure facilities. The yacht offers an exquisite experience for her guests, combining style and performance.";"Mansour bin Zayed Al Nahyan";"$600 000";"Spanish government";"-"
"Serene";"Fincantieri";"Motor Yacht";"133.9";"25";"15";"6";"52.0";"2011";"18.5";"24.0";"2018";"Cayman Islands";"Espen Øino";"Reymond Langton Design";"Serene, a 133.9-meter motor yacht built by Fincantieri and delivered in 2011, is known for its elegant design and luxurious amenities. Designed by Espen Øino with interiors by Reymond Langton Design, Serene features a large swimming pool, a helipad, and extensive leisure facilities. The yacht underwent a significant refit in 2018, enhancing its luxury and comfort.";"Mohammed bin Salman";"$500 000";"";"-"
"Al Mirqab";"Peters Schiffbau Wewelsfleth";"Motor Yacht";"133.0";"20";"18";"8";"60.0";"2008";"18.5";"36.0";"";"Qatar";"Tim Heywood";"Andrew Winch";"Al Mirqab, a 133-meter motor yacht built by Peters Schiffbau Wewelsfleth and delivered in 2008, is known for its impressive size and luxurious amenities. Designed by Tim Heywood with interiors by Andrew Winch, Al Mirqab features a large swimming pool, a helipad, and extensive leisure facilities. The yacht offers an exquisite experience for her guests, combining style and performance.";"Hamad bin Jassim bin Jaber Al Thani";"$250 000";"";"-"
"Koru";"Oceanco";"Sailing Yacht";"127.0";"18";"15";"5,5";"40.0";"2023";"16";"30.0";"";"Netherlands";"Oceanco Design Team";"Nuvolari Lenard";"Koru, a 127-meter sailing yacht built by Oceanco and delivered in 2023, is renowned for its state-of-the-art design and sustainability features. With an exterior designed by the Oceanco Design Team and interiors by Nuvolari Lenard, Koru features advanced sailing technology, luxurious accommodations, and extensive leisure facilities, making it a masterpiece in modern yacht building.";"Jeff Bezos";"$500 000";"";"-"
"Octopus";"Lürssen";"Motor Yacht";"126.0";"19";"17";"12,5";"63.0";"2003";"21";"26.0";"2019";"Cayman Islands";"Espen Øino";"Jonathan Quinn Barnett";"Octopus, a 126-meter motor yacht built by Lürssen and delivered in 2003, is known for its impressive size and luxurious amenities. Designed by Espen Øino with interiors by Jonathan Quinn Barnett, Octopus features two helipads, a large swimming pool, and extensive leisure facilities. The yacht underwent a significant refit in 2019, enhancing its luxury and performance.";"Jody Allen";"$285 000";"";"-"
"Maryah";"Elefsis Shipyards";"Motor Yacht";"125.0";"19";"15";"6";"54.0";"2015";"18";"36.0";"";"Cayman Islands";"H2 Yacht Design";"H2 Yacht Design";"Maryah, a 125-meter motor yacht built by Elefsis Shipyards and delivered in 2015, is known for its sleek design and luxurious amenities. Designed by H2 Yacht Design, both exterior and interior, Maryah features a large swimming pool, a helipad, and extensive leisure facilities. The yacht offers an exquisite experience for her guests, combining style and performance.";"Sheikh Hamdan bin Mohammed bin Rashid Al Maktoum";"$250 000";"";"-"
"Katara";"Lürssen";"Motor Yacht";"124.0";"20";"15";"6";"60.0";"2010";"18";"34.0";"";"Qatar";"Espen Øino";"Alberto Pinto";"Katara, a 124-meter motor yacht built by Lürssen and delivered in 2010, is known for its impressive size and luxurious amenities. Designed by Espen Øino with interiors by Alberto Pinto, Katara features a large swimming pool, a helipad, and extensive leisure facilities. The yacht offers an exquisite experience for her guests, combining style and performance.";"Sheikh Hamad bin Khalifa Al Thani";"$400 000";"";"-"
"Golden Odyssey";"Lürssen";"Motor Yacht";"123.2";"20";"16";"7500";"70.0";"2015";"18.5";"32.0";"";"Saudi Arabia";"Martin Francis";"Alberto Pinto";"Golden Odyssey is a 123.2-meter motor yacht built by Lürssen and delivered in 2015. The yacht features an exterior design by Martin Francis and luxurious interiors by Alberto Pinto.";"Khalid bin Sultan Al Saud";"$400 000";"";"-"
"Al Lusail";"Lürssen";"Motor Yacht";"123.0";"20";"15";"7";"36.0";"2017";"20";"36.0";"";"Qatar";"H2 Yacht Design";"March & White";"Al Lusail, a 123-meter motor yacht built by Lürssen and delivered in 2017, is known for its impressive size and luxurious amenities. Designed by H2 Yacht Design with interiors by March & White, Al Lusail features a large swimming pool, a helipad, and extensive leisure facilities. The yacht offers an exquisite experience for her guests, combining style and performance.";"Tamim bin Hamad Al Thani";"$300 000";"";"-"
"Alexander";"Flender Werke";"Motor Yacht";"122.0";"18";"14";"4000";"60.0";"1965";"16";"80.0";"2008";"Greece";"Alpha Marine";"Alpha Marine";"Alexander is a 122-meter motor yacht built by Flender Werke and delivered in 1965. The yacht has undergone significant refits, with the most recent one in 2008, and features both exterior and interior designs by Alpha Marine.";"Latsis family";"$75 000";"";"-"
"A";"Blohm+Voss";"Sailing Yacht";"119.0";"21";"16";"5000";"54.0";"2017";"25";"20.0";"";"Bermuda";"Philippe Starck";"Philippe Starck";"Sailing Yacht A is a 142.81-meter sailing yacht built by Nobiskrug and delivered in 2017. The yacht features both exterior and interior designs by Philippe Starck.";"Andrey Melnichenko";"$500 000";"";"-"
"Motor Yacht A";"Blohm+Voss";"Motor Yacht";"119.0";"23";"19.5";"6,5";"42.0";"2008";"18.9";"14.0";"";"Bermuda";"Philippe Starck";"Philippe Starck";"Motor Yacht A, a 119-meter motor yacht built by Blohm+Voss and delivered in 2008, is known for its unique design and luxurious amenities. Designed by Philippe Starck, both exterior and interior, Motor Yacht A features a large swimming pool, a helipad, and extensive leisure facilities. The yacht offers an exquisite experience for her guests, combining style and performance.";"Andrey Melnichenko";"$300 000";"";"-"
"Infinity";"Oceanco";"Motor Yacht";"117.0";"20";"16";"5500";"40.0";"2022";"16";"12.0";"";"Cayman Islands";"Espen Øino";"Sinot Yacht Architecture & Design";"Infinity is a 117-meter motor yacht built by Oceanco and delivered in 2022. The yacht features an exterior design by Espen Øino and luxurious interiors by Sinot Yacht Architecture & Design.";"Eric Smidt";"$300 000";"";"-"
"Turama";"Finland Rauma Shipyard";"Motor Yacht";"116.4";"18";"14";"4000";"60.0";"1990";"16";"70.0";"2004";"Greece";"Alpha Marine";"Alpha Marine";"Turama is a 116.4-meter motor yacht built by Rauma Shipyard and delivered in 1990. The yacht has undergone significant refits, with the most recent one in 2004, and features both exterior and interior designs by Alpha Marine.";"Saudi Arabian government";"$85 000";"";"-"
"Ulysses";"Kleven";"Motor Yacht";"116.0";"15";"12";"8,5";"42.0";"2018";"18";"30.0";"";"Cayman Islands";"Oscar Mike Limited";"H2 Yacht Design";"Ulysses, a 116-meter motor yacht built by Kleven and delivered in 2018, is known for its robust design and exploration capabilities. Designed by Oscar Mike Limited with interiors by H2 Yacht Design, Ulysses features a large swimming pool, a helipad, and extensive leisure facilities. The yacht offers an adventurous yet luxurious experience for her guests.";"Graeme Hart";"$275 000";"";"-"
"Atlantis II";"Hellenic Shipyards S.A.";"Motor Yacht";"115.8";"16";"14";"6000";"30.0";"1981";"16";"26.0";"";"Greece";"Caesar Pinnau";"Caesar Pinnau";"Atlantis II is a 115.8-meter motor yacht built by Hellenic Shipyards and delivered in 1981. The yacht features both exterior and interior designs by Caesar Pinnau.";"Philip Niarchos";"$90 000";"";"-"
"Navtilvs";"Hellenic Shipyards S.A.";"Motor Yacht";"115.8";"17";"15";"5000";"35.0";"1973";"15";"40.0";"2006";"Greece";"Caesar Pinnau";"Caesar Pinnau";"Navtilvs is a 115.8-meter motor yacht built by Hellenic Shipyards and delivered in 1973. The yacht features both exterior and interior designs by Caesar Pinnau.";"Yiannis D. Procopiou";"$80 000";"";"-"
"Ahpo";"Lürssen";"Motor Yacht";"115.1";"18";"15";"6000";"50.0";"2021";"18";"20.0";"";"Cayman Islands";"Nuvolari Lenard";"Nuvolari Lenard";"Ahpo is a 115.1-meter motor yacht built by Lürssen and delivered in 2021. The yacht features both exterior and interior designs by Nuvolari Lenard.";"Michael Lee-Chin";"$300 000";"";"-"
"Luna";"Lloyd Werft";"Motor Yacht";"115.0";"22";"18";"8";"50.0";"2010";"20";"18.0";"2017";"Cayman Islands";"Newcruise";"Donald Starkey";"Luna, a 115-meter motor yacht built by Lloyd Werft and delivered in 2010, is known for its impressive size and luxurious amenities. Designed by Newcruise with interiors by Donald Starkey, Luna features a large swimming pool, a helipad, and extensive leisure facilities. The yacht underwent a significant refit in 2017, enhancing its luxury and comfort.";"Farkhad Akhmedov";"$360 000";"";"-"
"Pelorus";"Lürssen";"Motor Yacht";"115.0";"20";"16";"6";"42.0";"2003";"17.2";"22.0";"2018";"Cayman Islands";"Tim Heywood";"Terence Disdale";"Pelorus, a 115-meter motor yacht built by Lürssen and delivered in 2003, is known for its sleek design and luxurious amenities. Designed by Tim Heywood with interiors by Terence Disdale, Pelorus features a large swimming pool, a helipad, and extensive leisure facilities. The yacht underwent a significant refit in 2018, enhancing its luxury and comfort.";"Samuel Tak Lee";"$300 000";"";"-"
"Project Enzo";"Lürssen";"Motor Yacht";"115.0";"20";"16";"7";"30.0";"2022";"16";"24.0";"";"Cayman Islands";"Nuvolari Lenard";"Nuvolari Lenard";"Project Enzo, a 115-meter motor yacht built by Lürssen and delivered in 2022, is known for its innovative design and luxurious amenities. Designed by Nuvolari Lenard, both exterior and interior, Project Enzo features a large swimming pool, a helipad, and spacious guest accommodations. The yacht offers an exquisite experience for her guests, combining style and performance.";"Sheikh Khalifa bin Zayed Al Nahyan";"$500 000";"";"-"
"Le Grand Bleu";"Bremer Vulkan";"Motor Yacht";"113.0";"17";"15";"8";"50.0";"2000";"17.68 s";"20.0";"2016";"Cayman Islands";"Kusch Yachts";"Terence Disdale";"Le Grand Bleu, a 113-meter motor yacht built by Bremer Vulkan and delivered in 2000, is known for its large deck spaces and extensive amenities. Designed by Kusch Yachts with interiors by Terence Disdale, Le Grand Bleu features a swimming pool, a helipad, and a fleet of smaller boats. The yacht underwent a significant refit in 2016, enhancing its luxury and comfort.";"Eugene Shvidler";"$150 000";"";"-"
"Alaiya";"Lürssen";"Motor Yacht";"111.5";"17";"14";"5000";"45.0";"2019";"16 s";"24.0";"";"Bermuda";"Winch Design";"Winch Design";"Alaiya is a 111.5-meter motor yacht built by Lürssen and delivered in 2019. The yacht features both exterior and interior designs by Winch Design.";"Lakshmi Mittal";"$250 000";"";"-"
"Tis";"Lürssen";"Motor Yacht";"111.0";"18";"14";"7";"38.0";"2019";"16.85 s";"18.0";"";"Cayman Islands";"Winch Design";"Winch Design";"Tis, a 111-meter motor yacht built by Lürssen and delivered in 2019, is known for its luxurious design and extensive amenities. Designed by Winch Design, both exterior and interior, Tis features a large swimming pool, a helipad, and lavish accommodations.";"";"";"";"-"
"Al Raya";"Lürssen";"Motor Yacht";"110.0";"21";"18";"6500";"45.0";"2008";"16 s";"30.0";"2019";"Bahrain";"Espen Øino";"Terence Disdale";"Al Raya is a 110-meter motor yacht built by Lürssen and delivered in 2008. The yacht features an exterior design by Espen Øino and luxurious interiors by Terence Disdale.";"Bahraini royal family";"$300 000";"";"-"
"Anna";"Netherlands Feadship";"Motor Yacht";"110.0";"18";"15";"5000";"30.0";"2018";"17 s";"12.0";"";"Cayman Islands";"Michael Leach Design";"Michael Leach Design";"Anna is a 110-meter motor yacht built by Feadship and delivered in 2018. The yacht features both exterior and interior designs by Michael Leach Design.";"Dmitry Rybolovlev";"$250 000";"";"-"
"Jubilee";"Oceanco";"Motor Yacht";"110.0";"18.5";"14";"5";"31.0";"2017";"16.4 s";"30.0";"";"Cayman Islands";"Igor Lobanov";"Sam Sorgiovanni";"Jubilee, a 110-meter motor yacht built by Oceanco and delivered in 2017, is known for its sleek design and luxurious amenities. Designed by Igor Lobanov with interiors by Sam Sorgiovanni, Jubilee features a large swimming pool, a helipad, and extensive leisure facilities.";"";"";"";"-"
"Kaos";"Netherlands Oceanco";"Motor Yacht";"110.0";"18";"15";"5000";"50.0";"2017";"18 s";"30.0";"";"Cayman Islands";"Sam Sorgiovanni";"Reymond Langton Design";"Kaos is a 110-meter motor yacht built by Oceanco and delivered in 2017. The yacht features an exterior design by Sam Sorgiovanni and luxurious interiors by Reymond Langton Design.";"Nancy Walton Laurie";"$300 000";"";"-"
"Radiant";"Lürssen";"Motor Yacht";"110.0";"21";"16";"6";"44.0";"2009";"16.2 s";"20.0";"2014";"Cayman Islands";"Tim Heywood";"Glenn Pushelberg";"Radiant, a 110-meter motor yacht built by Lürssen and delivered in 2009, is known for its sleek design and luxurious amenities. Designed by Tim Heywood with interiors by Glenn Pushelberg, Radiant features a large swimming pool, a helipad, and extensive leisure facilities. The yacht underwent a significant refit in 2014, enhancing its luxury and comfort.";"Abdulla Al Futtaim";"$320 000";"";"-"
"Radiant";"Lürssen";"Motor Yacht";"110.0";"21";"16";"6";"44.0";"2009";"16.3 s";"20.0";"2019";"Cayman Islands";"Tim Heywood";"Glen Pushelberg";"Radiant, a 110-meter motor yacht built by Lürssen and delivered in 2009, is known for its sleek design and luxurious amenities. Designed by Tim Heywood with interiors by Glen Pushelberg, Radiant features a large swimming pool, a helipad, and extensive leisure facilities. The yacht underwent a significant refit in 2019, enhancing its luxury and comfort.";"Abdulla Al Futtaim";"$320 000";"";"-"
"Sea Cloud";"Krupp Germaniawerft";"Sailing Yacht";"109.5";"12  (under sail)";"10";"4000";"60.0";"1931";"15.1 s";"64.0";"2011";"Malta";"Cox & Stevens";"Cox & Stevens";"Sea Cloud is a 109.5-meter sailing yacht built by Krupp Germaniawerft and delivered in 1931. The yacht features both exterior and interior designs by Cox & Stevens.";"Sea Cloud Cruises";"$100 000";"";"-"
"Bravo Eugenia";"Oceanco";"Motor Yacht";"109.0";"19";"14";"6";"30.0";"2018";"16.3 s";"14.0";"";"Cayman Islands";"Nuvolari Lenard";"Reymond Langton Design";"Bravo Eugenia, a 109-meter motor yacht built by Oceanco and delivered in 2018, is known for its sleek design and luxurious amenities. Designed by Nuvolari Lenard with interiors by Reymond Langton Design, Bravo Eugenia features a large swimming pool, a helipad, and extensive leisure facilities. The yacht offers an exquisite experience for her guests, combining style and performance.";"Jerry Jones";"$250 000";"";"-"
"Seven Seas";"Oceanco";"Motor Yacht";"109.0";"20";"16";"6000";"28.0";"2022";"16 s";"14.0";"";"Cayman Islands";"Nuvolari Lenard";"Nuvolari Lenard";"Seven Seas is a 109-meter motor yacht built by Oceanco and delivered in 2022. The yacht features both exterior and interior designs by Nuvolari Lenard.";"Steven Spielberg";"$300 000";"";"-"
"IJE";"Benetti";"Motor Yacht";"108.0";"18.5";"14";"6,5";"29.0";"2019";"15.5 s";"22.0";"";"Cayman Islands";"RWD";"Benetti";"IJE, a 108-meter motor yacht built by Benetti and delivered in 2019, is known for its elegant design and luxurious amenities. Designed by RWD with interiors by Benetti, IJE features a large swimming pool, a helipad, and extensive leisure facilities. The yacht offers an exquisite experience for her guests, combining style and performance.";"James Packer";"$200 000";"";"-"
"Luminosity";"Benetti";"Motor Yacht";"107.6";"16";"13";"8";"31.0";"2020";"17 s";"27.0";"";"Cayman Islands";"Zaniz Jakubowski";"Zaniz Jakubowski";"Luminosity, a 107.6-meter motor yacht built by Benetti and delivered in 2020, is known for its innovative design and luxurious amenities. Designed by Zaniz Jakubowski, both exterior and interior, Luminosity features a large swimming pool, a helipad, and extensive leisure facilities.";"";"";"";"-"
"Andromeda";"Kleven";"Motor Yacht";"107.4";"16";"14";"8,5";"30.0";"2016";"18 s";"24.0";"2019";"Cayman Islands";"Oscar Mike Limited";"H2 Yacht Design";"Andromeda, a 107.4-meter motor yacht built by Kleven and delivered in 2016, is known for its robust design and luxurious amenities. Designed by Oscar Mike Limited with interiors by H2 Yacht Design, Andromeda features a large swimming pool, a helipad, and extensive leisure facilities. The yacht underwent a significant refit in 2019, enhancing its luxury and comfort.";"Yuri Milner";"$150 000";"";"-"
"Lana";"Benetti";"Motor Yacht";"107.0";"18";"15";"5000";"35.0";"2019";"14 s";"12.0";"";"Cayman Islands";"Benetti";"Benetti";"Lana is a 107-meter motor yacht built by Benetti and delivered in 2019. The yacht features both exterior and interior designs by Benetti.";"Abu Dhabi royal family";"$200 000";"";"-"
"Ulysses";"Kleven";"Explorer Yacht";"107.0";"16";"12";"8,5";"42.0";"2018";"18 s";"30.0";"";"Cayman Islands";"Oscar Mike Naval Architects";"H2 Yacht Design";"Ulysses, a 107-meter explorer yacht built by Kleven and delivered in 2018, is known for its rugged design and luxurious amenities. Designed by Oscar Mike Naval Architects with interiors by H2 Yacht Design, Ulysses features a large swimming pool, a helipad, and extensive leisure facilities. The yacht offers an exquisite experience for her guests, combining style and performance with exploration capabilities.";"Graeme Hart";"$275 000";"";"-"
"Black Pearl";"Oceanco";"Sailing Yacht";"106.7";"30  (under sail)";"17.5";"7000";"18.0";"2018";"15 s";"12.0";"";"Cayman Islands";"Ken Freivokh, Nuvolari Lenard";"Ken Freivokh, Nuvolari Lenard";"Black Pearl is a 106.7-meter sailing yacht built by Oceanco and delivered in 2018. The yacht features an exterior design by Ken Freivokh and Nuvolari Lenard, and luxurious interiors by the same designers.";"Oleg Burlakov";"$250 000";"";"-"
"Dream";"Abeking & Rasmussen";"Motor Yacht";"106.5";"17.5";"15";"6";"30.0";"2018";"16.3 s";"20.0";"";"Cayman Islands";"Andrew Winch";"Andrew Winch";"Dream, a 106.5-meter motor yacht built by Abeking & Rasmussen and delivered in 2018, is known for its sleek design and luxurious amenities. Designed by Andrew Winch, both exterior and interior, Dream features a large swimming pool, a helipad, and extensive leisure facilities. The yacht offers an exquisite experience for her guests, combining style and performance.";"Patrick Dovigi";"$160 000";"";"-"
"Solar";"Oceanco";"Motor Yacht";"106.5";"20";"14";"5";"30.0";"2015";"15 s";"12.0";"";"Marshall Islands";"Nuvolari Lenard";"Nuvolari Lenard";"Solar, also known as Black Pearl, is a 106.5-meter motor yacht built by Oceanco and delivered in";"Eyal Ofer";"$200 000";"";"-"
"Amadea";"Lürssen";"Motor Yacht";"106.0";"20";"16";"8";"36.0";"2017";"18 s";"22.0";"";"Cayman Islands";"Espen Øino";"Francois Zuretti";"Amadea, a 106-meter motor yacht built by Lürssen and delivered in 2017, is known for its impressive size and luxurious amenities. Designed by Espen Øino with interiors by Francois Zuretti, Amadea features a large swimming pool, a helipad, and extensive leisure facilities. The yacht offers an exquisite experience for her guests, combining style and performance.";"Suleiman Kerimov";"$325 000";"US government";"amadea"
"Lady Moura";"Blohm+Voss";"Motor Yacht";"104.85";"22";"20";"8";"60.0";"1990";"19 s";"30.0";"2020";"Saudi Arabia";"Luigi Sturchio";"Luigi Sturchio";"Lady Moura, a 104.85-meter motor yacht built by Blohm+Voss and delivered in 1990, is renowned for its luxurious design and extensive amenities. Designed by Luigi Sturchio, both exterior and interior, Lady Moura features a large swimming pool, a helipad, and lavish accommodations. The yacht underwent a significant refit in 2020, enhancing its luxury and comfort.";"Nasser Al-Rashid";"$210 000";"";"lady_moura"
"Quantum Blue";"Lürssen";"Motor Yacht";"104.0";"22";"18";"6";"36.0";"2014";"16.8 s";"14.0";"";"Cayman Islands";"Tim Heywood";"Alberto Pinto";"Quantum Blue, a 104-meter motor yacht built by Lürssen and delivered in 2014, is known for its impressive size and luxurious amenities. Designed by Tim Heywood with interiors by Alberto Pinto, Quantum Blue features a large swimming pool, a helipad, and extensive leisure facilities. The yacht offers an exquisite experience for her guests, combining style and performance.";"Sergey Galitsky";"$250 000";"";"-"
"Loaloat Al Behar";"Perini Navi";"Motor Yacht";"103.8";"16";"12";"3000";"50.0";"1982";"14 s";"50.0";"";"Oman";"Perini Navi";"Perini Navi";"Loaloat Al Behar is a 103.8-meter motor yacht built by Perini Navi and delivered in 1982. The yacht features both exterior and interior designs by Perini Navi.";"Sultan Qaboos";"$100 000";"";"-"
"Symphony";"Feadship";"Motor Yacht";"101.5";"22";"15";"6";"38.0";"2015";"14.1 s";"20.0";"";"Cayman Islands";"Tim Heywood";"Zuretti Interior Design";"Symphony, a 101.5-meter motor yacht built by Feadship and delivered in 2015, is known for its elegant design and luxurious amenities. Designed by Tim Heywood with interiors by Zuretti Interior Design, Symphony features a large swimming pool, a helipad, and extensive leisure facilities. The yacht offers an exquisite experience for her guests, combining style and performance.";"Bernard Arnault";"$150 000";"";"-"
"I Dynasty";"Kusch Yachts";"Motor Yacht";"100.8";"16";"12";"4000";"30.0";"2015";"15 s";"22.0";"";"Cayman Islands";"The A Group";"The A Group";"I Dynasty is a 100.8-meter motor yacht built by Kusch Yachts and delivered in 2015. The yacht features both exterior and interior designs by The A Group.";"Alijan Ibragimov";"$200 000";"";"-"
"Attessa IV";"Hayashikane";"Motor Yacht";"100.0";"20";"16";"5000";"28.0";"1999";"14 s";"16.0";"2010";"Cayman Islands";"Glade Johnson";"Glade Johnson";"Attessa IV is a 100-meter motor yacht built by Hayashikane and delivered in 1999. The yacht features an exterior and interior design by Glade Johnson and underwent a major refit in 2010.";"Dennis Washington";"$150 000";"";"-"
"Moonrise";"Feadship";"Motor Yacht";"100.0";"19";"15";"5500";"32.0";"2020";"15 s";"16.0";"";"Cayman Islands";"De Voogt Naval Architects";"Remi Tessier";"Moonrise is a 100-meter motor yacht built by Feadship and delivered in 2020. The yacht features an exterior design by De Voogt Naval Architects and luxurious interiors by Remi Tessier.";"Jan Koum";"$250 000";"";"-"
"Christina O";"Canadian Vickers";"Motor Yacht";"99.2";"19";"14";"4000";"39.0";"1943";"11 s";"34.0";"2001";"Greece";"Caesar Pinnau";"Apostolos Molindris";"Christina O, a 99.2-meter motor yacht built by Canadian Vickers in 1943 and extensively refitted in 2001, was originally owned by Greek shipping magnate Aristotle Onassis. The yacht features an exterior design by Caesar Pinnau and interiors by Apostolos Molindris.";"John Paul Papanicolaou";"$32 000";"";"christina_o"
"Madame Gu";"Feadship";"Motor Yacht";"99.0";"24";"18";"7";"36.0";"2013";"13.6 s";"12.0";"";"Cayman Islands";"Andrew Winch";"Andrew Winch";"Madame Gu, a 99-meter motor yacht built by Feadship and delivered in 2013, is known for its sleek design and luxurious amenities. Designed by Andrew Winch, both exterior and interior, Madame Gu features a large swimming pool, a helipad, and extensive leisure facilities. The yacht offers an exquisite experience for her guests, combining style and performance.";"Andrey Guryev";"$120 000";"";"-"
"Aviva";"Abeking & Rasmussen";"Motor Yacht";"98.4";"20";"14";"6";"25.0";"2017";"17.24 s";"16.0";"";"Cayman Islands";"Reymond Langton Design";"Reymond Langton Design";"Aviva, a 98.4-meter motor yacht built by Abeking & Rasmussen and delivered in 2017, is known for its sleek design and luxurious amenities. Designed by Reymond Langton, both exterior and interior, Aviva features a large swimming pool, a full-size tennis court, and extensive leisure facilities. The yacht offers an exquisite experience for her guests.";"Joe Lewis";"$250 000";"";"-"
"Carinthia VII";"Lürssen";"Motor Yacht";"97.2";"26";"18";"6";"24.0";"2002";"16.6 s";"12.0";"2018";"Cayman Islands";"Tim Heywood";"Ellerhorst Kreuter";"Carinthia VII, a 97.2-meter motor yacht built by Lürssen and delivered in 2002, is known for its sleek design and luxurious amenities. Designed by Tim Heywood with interiors by Ellerhorst Kreuter, Carinthia VII features a large swimming pool, a helipad, and extensive leisure facilities.";"";"";"";"-"
"Faith";"Feadship";"Motor Yacht";"96.5";"17";"14";"5";"34.0";"2017";"14.5 s";"12.0";"";"Cayman Islands";"RWD";"Chahan Interior Design";"Faith, a 96.5-meter motor yacht built by Feadship and delivered in 2017, is known for its sleek design and luxurious amenities. Designed by RWD with interiors by Chahan Interior Design, Faith features a swimming pool, a beach club, and a helipad. The yacht offers an exquisite experience for her guests and is available for charter.";"Lawrence Stroll";"$200 000";"";"-"
"Limitless";"Lürssen";"Motor Yacht";"96.0";"25";"20";"5";"20.0";"1997";"12.5 s";"16.0";"2015";"United States";"Jon Bannenberg";"François Catroux";"Limitless, a 96-meter motor yacht built by Lürssen and delivered in 1997, is known for its sleek design and high-speed performance. Designed by Jon Bannenberg with interiors by François Catroux, Limitless features luxurious accommodations, a large swimming pool, and extensive leisure facilities. The yacht underwent a refit in 2015, enhancing its comfort and luxury.";"Leslie Wexner";"$100 000";"";"-"
"Palladium";"Blohm + Voss";"Motor Yacht";"96.0";"19";"14";"6000";"30.0";"2010";"17 s";"16.0";"";"Cayman Islands";"Michael Leach Design";"Michael Leach Design";"Palladium is a 96-meter motor yacht built by Blohm + Voss and delivered in 2010. The yacht features both exterior and interior designs by Michael Leach Design.";"Mikhail Prokhorov";"$200 000";"";"-"
"Vava II";"Devonport Yachts";"Motor Yacht";"96.0";"19";"14";"6000";"34.0";"2011";"17 s";"22.0";"";"Cayman Islands";"Redman Whiteley Dixon";"Remi Tessier";"Vava II is a 96-meter motor yacht built by Devonport Yachts and delivered in 2011. The yacht features an exterior design by Redman Whiteley Dixon and interiors by Remi Tessier. Gossip; one of Di Capris favourite yachts.";"Ernesto Bertarelli";"$250 000";"";"vava_ii"
"Kismet";"Lürssen";"Motor Yacht";"95.2";"17";"14";"6";"28.0";"2014";"13.8 s";"12.0";"";"Cayman Islands";"Espen Øino";"Reymond Langton Design";"Kismet, a 95.2-meter motor yacht built by Lürssen and delivered in 2014, is known for its elegant design and luxurious amenities. Designed by Espen Øino with interiors by Reymond Langton Design, Kismet features a large swimming pool, a helipad, and extensive leisure facilities. The yacht offers an exquisite experience for her guests, combining style and performance.";"Shahid Khan";"$200 000";"";"-"
"H3";"Oceanco";"Motor Yacht";"95.0";"18";"14";"5000";"30.0";"2001";"14 s";"12.0";"2016";"Cayman Islands";"De Voogt Naval Architects";"Rodney Black";"H3, previously known as Lady Christine, is a 95-meter motor yacht built by Oceanco and delivered in 2001. The yacht features an exterior design by De Voogt Naval Architects and interiors by Rodney Black.";"Waleed bin Ibrahim Al Ibrahim";"$150 000";"";"-"
"Madsummer";"Lürssen";"Motor Yacht";"95.0";"18";"15";"6000";"32.0";"2019";"14 s";"20.0";"";"Cayman Islands";"Harrison Eidsgaard";"Studio Laura Sessa";"Madsummer is a 95-meter motor yacht built by Lürssen and delivered in 2019. The yacht features an exterior design by Harrison Eidsgaard and luxurious interiors by Studio Laura Sessa.";"Jeffrey Soffer";"$250 000";"";"-"
"O'Pari";"Greece Golden Yachts Ltd.";"Motor Yacht";"95.0";"18";"14";"5000";"30.0";"2020";"13 s";"12.0";"";"Malta";"Studio Vafiadis";"Studio Vafiadis";"O'Pari is a 95-meter motor yacht built by Golden Yachts and delivered in 2020. The yacht features both exterior and interior designs by Studio Vafiadis.";"Paris Dragnis";"$200 000";"";"-"
"Bliss";"Feadship";"Motor Yacht";"94.8";"18";"14";"5000";"30.0";"2021";"14 s";"12.0";"";"Cayman Islands";"Sinot Yacht Architecture & Design";"Sinot Yacht Architecture & Design";"Bliss is a 94.8-meter motor yacht built by Feadship and delivered in 2021. The yacht features both exterior and interior designs by Sinot Yacht Architecture & Design.";"Evan Spiegel";"$200 000";"";"-"
"Mayan Queen";"Blohm + Voss";"Motor Yacht";"94.0";"20";"16";"6000";"40.0";"2008";"16 s";"16.0";"";"Cayman Islands";"Tim Heywood";"Terence Disdale";"Mayan Queen is a 94-meter motor yacht built by Blohm + Voss and delivered in 2008. The yacht features an exterior design by Tim Heywood and luxurious interiors by Terence Disdale.";"Alberto Baillères";"$180 000";"";"-"
"Viva";"Feadship";"Motor Yacht";"94.0";"20";"16";"6000";"34.0";"2021";"14 s";"16.0";"";"Cayman Islands";"Azure Naval Architects";"Peter Marino";"Viva is a 94-meter motor yacht built by Feadship and delivered in 2021. The yacht features an exterior design by Azure Naval Architects and luxurious interiors by Peter Marino.";"Frank Fertitta III";"$200 000";"";"-"
"Lady S";"Feadship";"Motor Yacht";"93.0";"17";"14";"6";"33.0";"2019";"14.1 s";"12.0";"";"Cayman Islands";"Michael Leach Design";"Reymond Langton Design";"Lady S, a 93-meter motor yacht built by Feadship and delivered in 2019, is known for its elegant design and luxurious amenities. Designed by Michael Leach Design with interiors by Reymond Langton Design, Lady S features a large swimming pool, a helipad, and extensive leisure facilities. The yacht offers an exquisite experience for her guests, combining style and performance.";"Dan Snyder";"$180 000";"";"-"
"Project Yasmin";"Lürssen";"Motor Yacht";"93.0";"18";"15";"6";"28.0";"2021";"14.5 s";"18.0";"";"Cayman Islands";"Harrison Eidsgaard";"Harrison Eidsgaard";"Project Yasmin, a 93-meter motor yacht built by Lürssen and delivered in 2021, is known for its innovative design and luxurious amenities. Designed by Harrison Eidsgaard, both exterior and interior, Project Yasmin features a large swimming pool, a helipad, and spacious guest accommodations. The yacht offers an exquisite experience for her guests, combining style and performance.";"Fawaz Al Hokair";"$180 000";"";"-"
"Royal Romance";"Feadship";"Motor Yacht";"92.5";"17";"14";"5000";"30.0";"2015";"14 s";"14.0";"";"Cayman Islands";"De Voogt Naval Architects";"Seymour Diamond";"Royal Romance is a 92.5-meter motor yacht built by Feadship and delivered in 2015. The yacht features an exterior design by De Voogt Naval Architects and luxurious interiors by Seymour Diamond.";"Viktor Medvedchuk";"$200 000";"Croatian government";"-"
"Tatoosh";"Nobiskrug";"Motor Yacht";"92.42";"19";"15";"5";"30.0";"2000";"14.95 s";"20.0";"2010";"Cayman Islands";"Kusch Yachts";"Terence Disdale";"Tatoosh, a 92.42-meter motor yacht, was built by Nobiskrug and delivered in";"Paul Allen estate";"$160 000";"";"-"
"Lionheart";"Benetti";"Motor Yacht";"92.4";"18";"15";"4500";"40.0";"2016";"14 s";"12.0";"";"Cayman Islands";"Stefano Natucci";"Stefano Natucci";"Lionheart is a 92.4-meter motor yacht built by Benetti and delivered in 2016. The yacht features both exterior and interior designs by Stefano Natucci.";"Philip Green";"$150 000";"";"-"
"Tatoosh";"Nobiskrug";"Motor Yacht";"92.4";"19";"15";"5";"30.0";"2000";"14.95 s";"20.0";"2016";"Cayman Islands";"Kusch Yachts";"Terence Disdale";"Tatoosh, a 92.4-meter motor yacht built by Nobiskrug and delivered in 2000, is known for its elegant design and luxurious amenities. Designed by Kusch Yachts with interiors by Terence Disdale, Tatoosh features a large swimming pool, a helipad, and extensive leisure facilities. The yacht underwent a significant refit in 2016, enhancing its luxury and comfort.";"Paul Allen estate";"$160 000";"";"-"
"Aquarius";"Feadship";"Motor Yacht";"92.0";"17";"14";"5,5";"31.0";"2016";"13.5 s";"12.0";"";"Cayman Islands";"Sinot Yacht Architecture & Design";"Sinot Yacht Architecture & Design";"Aquarius, a 92-meter motor yacht built by Feadship and delivered in 2016, is known for its elegant design and luxurious amenities. Designed by Sinot Yacht Architecture & Design, both exterior and interior, Aquarius features a large swimming pool, a helipad, and extensive leisure facilities. The yacht offers an exquisite experience for her guests, combining style and performance.";"Steve Wynn";"$150 000";"";"-"
"Eclipse II";"Blohm+Voss";"Motor Yacht";"92.0";"20";"16";"5";"30.0";"2023";"15 s";"18.0";"";"Bermuda";"Tim Heywood";"Reymond Langton Design";"Eclipse II, a 92-meter motor yacht built by Blohm+Voss and delivered in 2023, is the successor to the original Eclipse. Designed by Tim Heywood with interiors by Reymond Langton Design, Eclipse II offers luxurious accommodations, advanced technology, and extensive leisure facilities, including a large swimming pool and a helicopter landing pad.";"Alexander Dzhaparidze";"$150 000";"";"-"
"Queen Miri";"Neorion";"Motor Yacht";"91.5";"17";"14";"5000";"36.0";"2004";"14 s";"32.0";"2016";"Cayman Islands";"Alpha Marine";"Alpha Marine";"Queen Miri is a 91.5-meter motor yacht built by Neorion and delivered in 2004. The yacht features both exterior and interior designs by Alpha Marine and underwent a major refit in 2016.";"Estate of Sheldon Adelson";"$125 000";"";"-"
"Tranquility";"Oceanco";"Motor Yacht";"91.5";"18";"14";"5000";"31.0";"2014";"14.2 s";"26.0";"2019";"Cayman Islands";"Oceanco";"Winch Design";"Tranquility is a 91.5-meter motor yacht built by Oceanco and delivered in 2014. The yacht features both exterior and interior designs by Winch Design and underwent a significant refit in 2019.";"Genting Group";"$150 000";"";"-"
"Nahlin";"John Brown & Company";"Motor Yacht";"91.4";"17";"14";"4000";"40.0";"1930";"13.5 s";"26.0";"2009";"United Kingdom";"G.L. Watson & Co.";"G.L. Watson & Co.";"Nahlin is a 91.4-meter motor yacht built by John Brown & Company and delivered in 1930. The yacht underwent a significant refit in 2009 and features both exterior and interior designs by G.L. Watson & Co.";"Sir James Dyson";"$150 000";"";"-"
"Ice";"Lürssen";"Motor Yacht";"91.1";"18";"14";"6000";"27.0";"2005";"15 s";"14.0";"2015";"Cayman Islands";"Tim Heywood";"Terence Disdale";"Ice is a 91.1-meter motor yacht built by Lürssen and delivered in 2005. The yacht features an exterior design by Tim Heywood and luxurious interiors by Terence Disdale. It underwent a significant refit in 2015.";"Teodoro Nguema Obiang Mangue";"$150 000";"";"-"
"Lady Lara";"Lürssen";"Motor Yacht";"91.0";"18";"14";"6000";"40.0";"2015";"14 s";"20.0";"";"Cayman Islands";"Reymond Langton Design";"Reymond Langton Design";"Lady Lara is a 91-meter motor yacht built by Lürssen and delivered in 2015. The yacht features both exterior and interior designs by Reymond Langton Design.";"Alexander Mashkevitch";"$180 000";"";"-"
"Dubawi";"ICantiere Navale Ferrari S.p.a.";"Motor Yacht";"90.6";"16";"12";"5000";"70.0";"1989";"14 s";"44.0";"2009";"Cayman Islands";"Platinum Yachts";"Platinum Yachts";"Dubawi is a 90.6-meter motor yacht built by Cantiere Navale Ferrari in 1989 and extensively refitted by Platinum Yachts in 2009. The yacht features both exterior and interior designs by Platinum Yachts.";"Dubai royal family";"$100 000";"";"-"
"Dar";"Oceanco";"Motor Yacht";"90.1";"20";"15";"6000";"30.0";"2018";"14.2 s";"12.0";"";"Cayman Islands";"Nuvolari Lenard";"Nuvolari Lenard";"Dar is a 90.1-meter motor yacht built by Oceanco and delivered in 2018. The yacht features both exterior and interior designs by Nuvolari Lenard.";"Ziyad Manasir";"$200 000";"";"-"
"Ice";"Lürssen";"Motor Yacht";"90.1";"18";"14";"6000";"27.0";"2005";"15 s";"14.0";"2015";"Cayman Islands";"Tim Heywood";"Terence Disdale";"Ice is a 91.1-meter motor yacht built by Lürssen and delivered in 2005. The yacht features an exterior design by Tim Heywood and luxurious interiors by Terence Disdale. It underwent a significant refit in 2015.";"Teodoro Nguema Obiang Mangue";"$150 000";"";"-"
"Dar";"Oceanco";"Motor Yacht";"90.0";"20";"15";"6000";"30.0";"2018";"14.2 s";"12.0";"";"Cayman Islands";"Nuvolari Lenard";"Nuvolari Lenard";"Dar is a 90.1-meter motor yacht built by Oceanco and delivered in 2018. The yacht features both exterior and interior designs by Nuvolari Lenard.";"Ziyad Manasir";"$200 000";"";"-"
"DreAMBoat";"Oceanco";"Motor Yacht";"90.0";"17";"14";"5500";"29.0";"2019";"14.2 s";"23.0";"";"Cayman Islands";"Espen Øino";"Terence Disdale";"DreAMBoat is a 90-meter motor yacht built by Oceanco and delivered in 2019. The yacht features an exterior design by Espen Øino and luxurious interiors by Terence Disdale.";"Arthur Blank";"$200 000";"";"-"
"Lauren L";"Cassens Werft";"Motor Yacht";"90.0";"15";"13";"6000";"45.0";"2002";"14.4 s";"40.0";"2008";"Vanuatu";"Cassens-Werft";"Alpha Marine";"Lauren L is a 90-meter motor yacht built by Cassens-Werft and delivered in 2002, with a refit in 2008. The yacht features both exterior and interior designs by Alpha Marine.";"Igor Kolomoisky";"$150 000";"";"-"
"Phoenix 2";"Lürssen";"Motor Yacht";"90.0";"18";"14";"6000";"28.0";"2010";"14 s";"12.0";"";"Cayman Islands";"Winch Design";"Winch Design";"Phoenix 2 is a 90-meter motor yacht built by Lürssen and delivered in 2010. The yacht features both exterior and interior designs by Winch Design.";"Sebastian Kulczyk";"$150 000";"";"-"
"Here Comes The Sun";"Amels Holland B.V.";"Motor Yacht";"89.0";"17";"14";"5000";"30.0";"2016";"14.5 s";"18.0";"2021";"Cayman Islands";"Tim Heywood";"Winch Design";"Here Comes The Sun is an 89-meter motor yacht built by Amels and delivered in 2016. The yacht features an exterior design by Tim Heywood and luxurious interiors by Winch Design. It underwent a significant refit in 2021.";"Graeme Hart";"$200 000";"";"-"
"Barbara";"Oceanco";"Motor Yacht";"88.5";"19";"14";"6000";"28.0";"2017";"14.4 s";"12.0";"";"Marshall Islands";"Sam Sorgiovanni";"Sam Sorgiovanni";"Barbara is an 88.5-meter motor yacht built by Oceanco and delivered in 2017. The yacht features both exterior and interior designs by Sam Sorgiovanni.";"Alexander Mamut";"$180 000";"";"-"
"Cloud 9";"Oceanco";"Motor Yacht";"88.5";"20";"15";"6000";"28.0";"2017";"14.5 s";"12.0";"";"Cayman Islands";"Andrew Winch";"Zuretti Interior Design";"Cloud 9 is an 88.5-meter motor yacht built by Oceanco and delivered in 2017. The yacht features an exterior design by Andrew Winch and luxurious interiors by Zuretti Interior Design.";"Brett Blundy";"$150 000";"";"-"
"Illusion Plus";"China Pride Mega Yachts";"Motor Yacht";"88.5";"17";"15";"5000";"25.0";"2018";"15.4 s";"12.0";"";"Cayman Islands";"Rainsford Saunders Design";"Sinot Yacht Architecture & Design";"Illusion Plus is an 88.5-meter motor yacht built by Pride Mega Yachts and delivered in 2018. The yacht features an exterior design by Rainsford Saunders Design and luxurious interiors by Sinot Yacht Architecture & Design.";"Su Zhigang";"$150 000";"";"-"
"Nirvana";"Oceanco";"Motor Yacht";"88.5";"20";"16";"6000";"27.0";"2012";"14.2 s";"12.0";"";"Cayman Islands";"Sam Sorgiovanni";"Sam Sorgiovanni";"Nirvana is an 88.5-meter motor yacht built by Oceanco and delivered in 2012. The yacht features both exterior and interior designs by Sam Sorgiovanni.";"Vladimir Potanin";"$200 000";"";"-"
"Olivia O";"Ulstein Group";"Motor Yacht";"88.5";"14.5";"12";"6000";"30.0";"2020";"16 s";"20.0";"";"Cayman Islands";"Espen Øino";"Espen Øino";"Olivia O is an 88.5-meter motor yacht built by Ulstein and delivered in 2020. The yacht features both exterior and interior designs by Espen Øino.";"Eyal Ofer";"$200 000";"";"-"
"Zen";"Feadship";"Motor Yacht";"88.4";"16";"14";"4500";"22.0";"2021";"14.2 s";"12.0";"";"Cayman Islands";"De Voogt Naval Architects";"Sinot Yacht Architecture & Design";"Zen is an 88.4-meter motor yacht built by Feadship and delivered in 2021. The yacht features an exterior design by De Voogt Naval Architects and luxurious interiors by Sinot Yacht Architecture & Design.";"Wu Guangming";"$160 000";"";"-"
"Asean Lady";"Yantai Raffles";"Motor Yacht";"88.2";"15";"12";"8000";"23.0";"2004";"21 s";"18.0";"";"Cayman Islands";"Ian Mitchell";"Ian Mitchell";"Asean Lady is an 88.2-meter motor yacht built by Yantai Raffles and delivered in 2004. The yacht features both exterior and interior designs by Ian Mitchell.";"Brian Chang";"$100 000";"";"-"
"Maltese Falcon";"Perini Navi";"Sailing Yacht";"88.0";"24  (under sail)";"16";"5000";"18.0";"2006";"12.9 s";"12.0";"2016";"Malta";"Ken Freivokh";"Ken Freivokh";"Maltese Falcon is an 88-meter sailing yacht built by Perini Navi and delivered in 2006. The yacht features both exterior and interior designs by Ken Freivokh.";"Elena Ambrosiadou";"$150 000";"";"-"
"Fountainhead";"Feadship";"Motor Yacht";"87.8";"20";"14";"6000";"28.0";"2011";"14.2 s";"12.0";"";"Cayman Islands";"De Voogt Naval Architects";"Sinot Yacht Architecture & Design";"Fountainhead is an 87.8-meter motor yacht built by Feadship and delivered in 2011. The yacht features an exterior design by De Voogt Naval Architects and luxurious interiors by Sinot Yacht Architecture & Design.";"Eddie Lampert";"$150 000";"";"-"
"Musashi";"Feadship";"Motor Yacht";"87.8";"21";"16";"6000";"23.0";"2011";"14.3 s";"12.0";"";"Cayman Islands";"De Voogt Naval Architects";"Sinot Yacht Architecture & Design";"Musashi is an 87.8-meter motor yacht built by Feadship and delivered in 2011. The yacht features an exterior design by De Voogt Naval Architects and luxurious interiors by Sinot Yacht Architecture & Design.";"Larry Ellison";"$150 000";"";"-"
"Arctic P";"Schichau Unterweser AG";"Motor Yacht";"87.6";"18";"15";"15000";"25.0";"1989";"14 s";"12.0";"2005";"Cayman Islands";"Schichau Unterweser AG";"Bannenberg & Rowell Design";"Arctic P is an 87.6-meter motor yacht built by Schichau Unterweser AG and delivered in 1989. The yacht features both exterior and interior designs by Bannenberg & Rowell Design.";"James Packer";"$150 000";"";"-"
"Ace";"Lürssen";"Motor Yacht";"87.0";"17";"14";"6000";"30.0";"2012";"14.3 s";"10.0";"";"Cayman Islands";"Winch Design";"Winch Design";"Ace is an 87-meter motor yacht built by Lürssen and delivered in 2012. The yacht features both exterior and interior designs by Winch Design.";"Samvel Karapetyan";"$150 000";"";"-"
"Avantage";"Lürssen";"Motor Yacht";"87.0";"18";"14";"6000";"30.0";"2020";"14.4 s";"12.0";"";"Cayman Islands";"Winch Design";"Winch Design";"Avantage is an 87-meter motor yacht built by Lürssen and delivered in 2020. The yacht features both exterior and interior designs by Winch Design.";"Bulat Utemuratov";"$180 000";"";"-"
"Lonian";"Feadship";"Motor Yacht";"87.0";"18";"14";"5000";"27.0";"2018";"14 s";"12.0";"";"Cayman Islands";"Sinot Yacht Architecture & Design";"Richard Hallberg";"Lonian is an 87-meter motor yacht built by Feadship and delivered in 2018. The yacht features an exterior design by Sinot Yacht Architecture & Design and luxurious interiors by Richard Hallberg.";"Lorenzo Fertitta";"$160 000";"";"-"
"Quattroelle";"Lürssen";"Motor Yacht";"86.1";"18";"14";"6000";"29.0";"2013";"14.4 s";"12.0";"";"Cayman Islands";"Nuvolari Lenard";"Nuvolari Lenard";"Quattroelle is an 86.1-meter motor yacht built by Lürssen and delivered in 2013. The yacht features both exterior and interior designs by Nuvolari Lenard.";"Majid Al Futtaim";"$170 000";"";"-"
"Aquijo";"Oceanco";"Sailing Yacht";"86.0";"17.5  (under sail)";"14";"6000";"17.0";"2016";"14.5 s";"12.0";"";"Cayman Islands";"Tripp Design Naval Architects";"Dölker + Voges Design";"Aquijo is an 86-meter sailing yacht built by Oceanco and delivered in 2016. The yacht features an exterior design by Tripp Design Naval Architects and luxurious interiors by Dölker + Voges Design.";"Kjell Inge Røkke";"$150 000";"";"-"
"Chakra";"Scheepswerf Gebr. van der Werf";"Motor Yacht";"86.0";"15";"12";"5000";"30.0";"1963";"12.5 s";"26.0";"2016";"Saint Vincent and the Grenadines";"Scheepswerf Gebr. van der Werf";"Scheepswerf Gebr. van der Werf";"Chakra is an 86-meter motor yacht built by Scheepswerf Gebr. van der Werf and delivered in 1963. The yacht features both exterior and interior designs by Scheepswerf Gebr. van der Werf.";"Unknown";"$80 000";"";"-"
"Ecstasea";"Feadship";"Motor Yacht";"86.0";"30";"25";"4000";"27.0";"2004";"11.5 s";"14.0";"";"Cayman Islands";"Terence Disdale";"Terence Disdale";"Ecstasea is an 86-meter motor yacht built by Feadship and delivered in 2004. The yacht features both exterior and interior designs by Terence Disdale.";"Alshair Fiyaz";"$200 000";"";"-"
"Kingdom 5KR";"Benetti";"Motor Yacht";"86.0";"20";"14";"8000";"31.0";"1980";"13.6 s";"22.0";"1993";"Cayman Islands";"Luigi Sturchio";"Luigi Sturchio";"Kingdom 5KR is an 86-meter motor yacht built by Benetti and delivered in 1980. The yacht features both exterior and interior designs by Luigi Sturchio and underwent a significant refit in 1993.";"Al-Waleed bin Talal";"$100 000";"";"-"
"Man of Steel";"Oceanco";"Motor Yacht";"86.0";"18";"14";"6000";"27.0";"2011";"14.2 s";"12.0";"";"Cayman Islands";"Nuvolari Lenard";"Nuvolari Lenard";"Man of Steel is an 86-meter motor yacht built by Oceanco and delivered in 2011. The yacht features both exterior and interior designs by Nuvolari Lenard.";"Barry Zekelman";"$150 000";"";"-"
"Aquila";"Derecktor Shipyards";"Motor Yacht";"85.6";"17";"15";"5000";"28.0";"2010";"14.3 s";"12.0";"2016";"Cayman Islands";"Tim Heywood";"Dalton Designs";"Aquila is an 85.6-meter motor yacht built by Derecktor Shipyards and delivered in 2010. The yacht features an exterior design by Tim Heywood and luxurious interiors by Dalton Designs.";"Ann Walton Kroenke";"$150 000";"";"-"
"Amore Vero";"Oceanco";"Motor Yacht";"85.5";"20";"15";"6000";"28.0";"2013";"14.2 s";"14.0";"";"Cayman Islands";"Sam Sorgiovanni";"Alberto Pinto";"Amore Vero is an 85.5-meter motor yacht built by Oceanco and delivered in 2013. The yacht features an exterior design by Sam Sorgiovanni and luxurious interiors by Alberto Pinto.";"Igor Sechin";"$200 000";"French government";"-"
"Sunrays";"Oceanco";"Motor Yacht";"85.5";"18";"14";"6000";"30.0";"2010";"14.2 s";"22.0";"";"Cayman Islands";"Bjorn Johansson";"Terence Disdale";"Sunrays is an 85.5-meter motor yacht built by Oceanco and delivered in 2010. The yacht features an exterior design by Bjorn Johansson and luxurious interiors by Terence Disdale.";"Ravi Ruia";"$200 000";"";"-"
"Vibrant Curiosity";"Oceanco";"Motor Yacht";"85.47";"20";"15";"5000";"27.0";"2009";"14.2 s";"14.0";"";"Cayman Islands";"Nuvolari Lenard";"Nuvolari Lenard";"Vibrant Curiosity is an 85.5-meter motor yacht built by Oceanco and delivered in 2009. The yacht features both exterior and interior designs by Nuvolari Lenard.";"Reinhold Würth";"$150 000";"";"-"
"Moonlight II";"Greece Neorion";"Motor Yacht";"85.3";"17";"14";"5000";"34.0";"2005";"14.4 s";"36.0";"";"Cayman Islands";"Alpha Marine";"Alpha Marine";"Moonlight II is an 85.3-meter motor yacht built by Neorion and delivered in 2005. The yacht features both exterior and interior designs by Alpha Marine.";"Sultan bin Khalifa Al Nahyan";"$150 000";"";"-"
"Pacific";"Lürssen";"Motor Yacht";"85.2";"20";"16";"6000";"28.0";"2010";"14.2 s";"12.0";"";"Cayman Islands";"German Frers";"Bannenberg & Rowell Design";"Pacific is an 85.2-meter motor yacht built by Lürssen and delivered in 2010. The yacht features an exterior design by German Frers and luxurious interiors by Bannenberg & Rowell Design.";"Leonid Mikhelson";"$200 000";"";"-"
"Solandge";"Lürssen";"Motor Yacht";"85.1";"17";"14";"6000";"29.0";"2013";"14.2 s";"12.0";"";"Cayman Islands";"Espen Øino";"Aileen Rodriguez";"Solandge is an 85.1-meter motor yacht built by Lürssen and delivered in 2013. The yacht features an exterior design by Espen Øino and luxurious interiors by Aileen Rodriguez.";"Crown Prince Muqrin bin Abdulaziz";"$200 000";"";"-"
"Valerie";"Lürssen";"Motor Yacht";"85.1";"17";"14";"5000";"30.0";"2011";"14.3 s";"12.0";"2019";"Cayman Islands";"Espen Øino";"Reymond Langton Design";"Valerie is an 85.1-meter motor yacht built by Lürssen and delivered in 2011. The yacht features an exterior design by Espen Øino and luxurious interiors by Reymond Langton Design.";"Yuriy Kosiuk";"$180 000";"Spanish government";"-"
"Areti";"Lürssen";"Motor Yacht";"85.0";"17";"14";"5000";"28.0";"2017";"14 s";"18.0";"";"Cayman Islands";"Winch Design";"Winch Design";"Areti is an 85-meter motor yacht built by Lürssen and delivered in 2017. The yacht features both exterior and interior designs by Winch Design.";"Igor Makarov";"$150 000";"";"-"
"Bold";"SilverYachts";"Motor Yacht";"85.0";"23";"18";"5000";"20.0";"2019";"11 s";"16.0";"";"Cayman Islands";"SilverYachts";"SilverYachts";"Bold is an 85-meter motor yacht built by SilverYachts and delivered in 2019. The yacht features both exterior and interior designs by SilverYachts.";"Guido Krass";"$100 000";"";"-"
"O'Ptasia";"Golden Yachts Ltd.";"Motor Yacht";"85.0";"18";"14";"6000";"26.0";"2018";"13.8 s";"12.0";"";"Cayman Islands";"Studio Vafiadis";"Studio Vafiadis";"O'Ptasia is an 85-meter motor yacht built by Golden Yachts Ltd. and delivered in 2018. The yacht features both exterior and interior designs by Studio Vafiadis.";"Paris Dragnis";"$150 000";"";"-"
"Valerie";"Lürssen";"Motor Yacht";"85.0";"17";"14";"5000";"30.0";"2011";"14.3 s";"12.0";"2019";"Cayman Islands";"Espen Øino";"Reymond Langton Design";"Valerie is an 85.1-meter motor yacht built by Lürssen and delivered in 2011. The yacht features an exterior design by Espen Øino and luxurious interiors by Reymond Langton Design.";"Yuriy Kosiuk";"$180 000";"Spanish government";"-"
"Victorious";"Akyacht";"Motor Yacht";"85.0";"17";"14";"14000";"24.0";"2021";"14 s";"24.0";"";"Cayman Islands";"Michael Leach Design";"H2 Yacht Design";"Victorious is an 85-meter motor yacht built by Akyacht and delivered in 2021. The yacht features an exterior design by Michael Leach Design and interiors by H2 Yacht Design.";"Vural Ak";"$150 000";"";"-"
"White Rabbit";"Echo Yachts";"Motor Yacht";"84.0";"18";"16";"5000";"30.0";"2018";"19.6 s";"30.0";"";"Cayman Islands";"Sam Sorgiovanni";"Sam Sorgiovanni";"White Rabbit is an 84-meter motor yacht built by Echo Yachts and delivered in 2018. The yacht features both exterior and interior designs by Sam Sorgiovanni.";"Goh Cheng Liang";"$200 000";"";"-"
"Savannah";"Feadship";"Motor Yacht";"83.5";"17";"15";"6000";"26.0";"2015";"12.5 s";"12.0";"";"Cayman Islands";"CG Design";"CG Design";"Savannah is an 83.5-meter motor yacht built by Feadship and delivered in 2015. The yacht features both exterior and interior designs by CG Design.";"Lukas H. Lundin";"$150 000";"";"-"
"O'Mega";"Mitsubishi Heavy Industries";"Motor Yacht";"82.5";"17";"14";"4500";"28.0";"1987";"11.6 s";"30.0";"2015";"Greece";"Studio Vafiadis";"Studio Vafiadis";"O'Mega is an 82.5-meter motor yacht built by Mitsubishi Heavy Industries and delivered in 1987. The yacht features both exterior and interior designs by Studio Vafiadis.";"Paris Dragnis";"$100 000";"";"-"
"Secret";"Abeking & Rasmussen";"Motor Yacht";"82.3";"16";"14";"5000";"23.0";"2013";"12.4 s";"12.0";"";"Cayman Islands";"Sam Sorgiovanni";"Jim Harris";"Secret is an 82.5-meter motor yacht built by Abeking & Rasmussen and delivered in 2013. The yacht features an exterior design by Sam Sorgiovanni and luxurious interiors by Jim Harris.";"Nancy Walton Laurie";"$150 000";"";"-"
"Alfa Nero";"Oceanco";"Motor Yacht";"82.0";"20";"15";"6000";"28.0";"2007";"14.2 s";"12.0";"2013";"Cayman Islands";"Nuvolari Lenard";"Alberto Pinto";"Alfa Nero is an 82-meter motor yacht built by Oceanco and delivered in 2007. The yacht features an exterior design by Nuvolari Lenard and luxurious interiors by Alberto Pinto.";"Theodore Angelopoulos";"$150 000";"";"-"
"Basrah Breeze";"Helsingør Værft";"Motor Yacht";"82.0";"20";"16";"5000";"35.0";"1981";"13.6 s";"28.0";"";"Iraq";"Helsingør Værft";"Helsingør Værft";"Basrah Breeze is an 82-meter motor yacht built by Helsingør Værft and delivered in 1981. The yacht features both exterior and interior designs by Helsingør Værft.";"Government of Iraq";"$100 000";"";"-"
"Ilona";"Amels Holland B.V.";"Motor Yacht";"82.0";"18";"14";"5000";"28.0";"2004";"14.2 s";"12.0";"2012";"Cayman Islands";"Redman Whiteley Dixon";"Redman Whiteley Dixon";"Ilona is an 82-meter motor yacht built by Amels Holland B.V. and delivered in 2004. The yacht features both exterior and interior designs by Redman Whiteley Dixon.";"Frank Lowy";"$150 000";"";"-"
"Kosatka";"Blohm + Voss";"Motor Yacht";"82.0";"18";"14";"6000";"30.0";"2014";"14.5 s";"12.0";"";"Cayman Islands";"Tim Heywood";"H2 Yacht Design";"Kosatka is an 82-meter motor yacht built by Blohm + Voss and delivered in 2014. The yacht features an exterior design by Tim Heywood and luxurious interiors by H2 Yacht Design.";"JSC Argument";"$160 000";"";"-"
"RoMEA";"Abeking & Rasmussen";"Motor Yacht";"82.0";"16";"14";"6";"23.0";"2015";"14 s";"12.0";"";"Cayman Islands";"Terence Disdale";"Terence Disdale";"RoMEA, an 82-meter motor yacht built by Abeking & Rasmussen and delivered in 2015, is known for its elegant design and luxurious amenities. Designed by Terence Disdale, both exterior and interior, RoMEA features a large swimming pool, a helipad, and extensive leisure facilities. The yacht offers an exquisite experience for her guests, combining style and performance.";"Alexander Svetakov";"$150 000";"";"-"
"Sarafsa";"Devonport";"Motor Yacht";"82.0";"16";"14";"5000";"30.0";"2008";"14.6 s";"14.0";"";"Cayman Islands";"Andrew Winch";"Andrew Winch";"Sarafsa is an 82-meter motor yacht built by Devonport Yachts and delivered in 2008. The yacht features both exterior and interior designs by Andrew Winch.";"Fahd bin Sultan Al Saud";"$150 000";"";"-"
"Romea";"Abeking & Rasmussen";"Motor Yacht";"81.8";"16";"14";"5000";"30.0";"2015";"14.6 s";"12.0";"";"Cayman Islands";"Terence Disdale";"Terence Disdale";"Romea is an 81.8-meter motor yacht built by Abeking & Rasmussen and delivered in 2015. The yacht features both exterior and interior designs by Terence Disdale.";"Alexander Nesis";"$170 000";"";"-"
"Air";"Feadship";"Motor Yacht";"81.0";"17";"14";"5";"21.0";"2011";"11.5 s";"12.0";"2018";"Cayman Islands";"De Voogt Naval Architects";"Remi Tessier";"Air, an 81-meter motor yacht built by Feadship and delivered in 2011, is known for its elegant design and luxurious amenities. Designed by De Voogt Naval Architects with interiors by Remi Tessier, Air features a large swimming pool, a helipad, and spacious guest accommodations.";"";"";"";"-"
"Grace";"Abeking & Rasmussen";"Motor Yacht";"81.0";"16";"14";"4000";"20.0";"2014";"12.8 s";"12.0";"";"Cayman Islands";"Terence Disdale";"Terence Disdale";"Grace is an 81-meter motor yacht built by Abeking & Rasmussen and delivered in 2014. The yacht features both exterior and interior designs by Terence Disdale.";"John Reece";"$140 000";"";"-"
"Golden Odyssey II";"Blohm + Voss";"Motor Yacht";"80.2";"18";"15";"6000";"30.0";"1990";"13.8 s";"12.0";"";"Cayman Islands";"Martin Francis";"Alberto Pinto";"Golden Odyssey II is an 80.2-meter motor yacht built by Blohm + Voss and delivered in 1990. The yacht features an exterior design by Martin Francis and luxurious interiors by Alberto Pinto.";"Khalid bin Sultan Al Saud";"$150 000";"";"-"
"HNoMY Norge";"Camper and Nicholsons";"Motor Yacht";"80.2";"16";"14";"4000";"18.0";"1937";"11.6 s";"14.0";"2012";"Norway";"Charles Nicholson";"Charles Nicholson";"HNoMY Norge is an 80.2-meter motor yacht built by Camper and Nicholsons and delivered in 1937. The yacht features both exterior and interior designs by Charles Nicholson.";"Harald V of Norway";"$100 000";"";"-"
"Talitha";"Germaniawerft";"Motor Yacht";"80.2";"15";"12";"5000";"18.0";"1929";"11.6 s";"12.0";"1994";"Cayman Islands";"Cox & Stevens";"Jon Bannenberg";"Talitha is an 80.2-meter motor yacht built by Germaniawerft and delivered in 1929. The yacht features an exterior design by Cox & Stevens and luxurious interiors by Jon Bannenberg.";"Mark Getty";"$100 000";"";"-"
"Aalto";"Oceanco";"Motor Yacht";"80.0";"18";"15";"5000";"25.0";"2006";"12.5 s";"12.0";"";"Cayman Islands";"Tim Heywood";"Alberto Pinto";"Aalto is an 80-meter motor yacht built by Oceanco and delivered in 2006. The yacht features an exterior design by Tim Heywood and luxurious interiors by Alberto Pinto.";"Lakshmi Mittal";"$150 000";"";"-"
"Artefact";"Nobiskrug";"Motor Yacht";"80.0";"17";"15";"6000";"24.0";"2020";"14.6 s";"12.0";"";"Cayman Islands";"Gregory C. Marshall";"Reymond Langton Design";"Artefact is an 80-meter motor yacht built by Nobiskrug and delivered in 2020. The yacht features an exterior design by Gregory C. Marshall and luxurious interiors by Reymond Langton Design.";"Mike Lazaridis";"$150 000";"";"-"
"Chopi Chopi";"CRN Spa";"Motor Yacht";"80.0";"16";"14";"5000";"30.0";"2013";"13.5 s";"12.0";"";"Cayman Islands";"Zuccon International Project";"Laura Sessa";"Chopi Chopi is an 80-meter motor yacht built by CRN Spa and delivered in 2013. The yacht features an exterior design by Zuccon International Project and luxurious interiors by Laura Sessa.";"Taha Mikati";"$150 000";"";"-"
"Constellation";"Netherlands Oceanco";"Motor Yacht";"80.0";"20";"16";"6000";"30.0";"1999";"13.5 s";"18.0";"";"Cayman Islands";"The A Group";"The A Group";"Constellation is an 80-meter motor yacht built by Oceanco and delivered in 1999. The yacht features both exterior and interior designs by The A Group.";"Hamad bin Khalifa Al Thani";"$150 000";"";"-"
"Elements";"Yachtley";"Motor Yacht";"80.0";"18";"15";"5000";"28.0";"2019";"12.5 s";"12.0";"";"Cayman Islands";"Yachtley";"Cristiano Gatto Design Team";"Elements is an 80-meter motor yacht built by Yachtley and delivered in 2019. The yacht features an exterior design by Yachtley and luxurious interiors by Cristiano Gatto Design Team.";"Fahad al-Athel";"$160 000";"";"-"
"Excellence";"Abeking & Rasmussen";"Motor Yacht";"80.0";"17";"14";"5500";"21.0";"2019";"12.5 s";"14.0";"";"Cayman Islands";"Winch Design";"Winch Design";"Excellence is an 80-meter motor yacht built by Abeking & Rasmussen and delivered in 2019. The yacht features both exterior and interior designs by Winch Design.";"Herb Chambers";"$150 000";"";"-"
"Tatiana";"Bilgin Yachts";"Motor Yacht";"80.0";"19";"15";"5000";"30.0";"2020";"12.2 s";"12.0";"";"Cayman Islands";"Unique Yacht Design";"H2 Yacht Design";"Tatiana is an 80-meter motor yacht built by Bilgin Yachts and delivered in 2020. The yacht features an exterior design by Unique Yacht Design and luxurious interiors by H2 Yacht Design.";"Cyrus Pallonji Mistry";"$160 000";"";"-"
"Titan";"Abeking & Rasmussen";"Motor Yacht";"80.0";"16";"14";"4000";"20.0";"2010";"12.6 s";"12.0";"";"Cayman Islands";"Reymond Langton Design";"Reymond Langton Design";"Titan is an 80-meter motor yacht built by Abeking & Rasmussen and delivered in 2010. The yacht features both exterior and interior designs by Reymond Langton Design.";"Alexander Abramov";"$150 000";"";"-"
"Yasmine of The Sea";"Oceanco";"Motor Yacht";"80.0";"20";"16";"6000";"28.0";"2001";"13.5 s";"16.0";"";"Cayman Islands";"The A Group";"The A Group";"Yasmine of The Sea is an 80-meter motor yacht built by Oceanco and delivered in 2001. The yacht features both exterior and interior designs by The A Group.";"Sheikh Abdullah Al Thani";"$160 000";"";"-"
"Hampshire II";"Feadship";"Motor Yacht";"78.5";"16";"14";"5,5";"24.0";"2012";"14 s";"12.0";"";"Cayman Islands";"Redman Whiteley Dixon";"Redman Whiteley Dixon";"Hampshire II, a 78.5-meter motor yacht built by Feadship and delivered in 2012, is known for its elegant design and luxurious amenities. Designed by Redman Whiteley Dixon, both exterior and interior, Hampshire II features a large swimming pool, a helipad, and extensive leisure facilities.";"";"";"";"-"
"Eminence";"Abeking & Rasmussen";"Motor Yacht";"78.43";"16";"14";"5";"24.0";"2008";"12.4 s";"12.0";"2018";"Cayman Islands";"Reymond Langton Design";"Reymond Langton Design";"Eminence, a 78.43-meter motor yacht built by Abeking & Rasmussen and delivered in 2008, is known for its elegant design and luxurious amenities. Designed by Reymond Langton, both exterior and interior, Eminence features a large swimming pool, a helipad, and extensive leisure facilities. The yacht underwent a significant refit in 2018, enhancing its luxury and comfort.";"Bruce Grossman";"$80 000";"";"-"
"Smeralda";"Hanseatic Marine";"Motor Yacht";"77.0";"20";"14";"4,5";"20.0";"2012";"12.2 s";"12.0";"";"Cayman Islands";"Espen Øino";"Vain Interiors";"Smeralda, a 77-meter motor yacht built by Hanseatic Marine and delivered in 2012, is known for its sleek design and luxurious amenities. Designed by Espen Øino with interiors by Vain Interiors, Smeralda features a large swimming pool, a helipad, and extensive leisure facilities. The yacht offers a perfect blend of style and performance.";"Guido Krass";"$100 000";"";"-"
"Anastasia";"Oceanco";"Motor Yacht";"75.5";"18";"15";"5";"20.0";"2008";"13.4 s";"12.0";"2018";"Cayman Islands";"Sam Sorgiovanni";"Sam Sorgiovanni";"Anastasia, a 75.5-meter motor yacht built by Oceanco and delivered in 2008, is known for its elegant design and luxurious amenities. Designed by Sam Sorgiovanni, both exterior and interior, Anastasia features a large swimming pool, a helipad, and extensive leisure facilities. The yacht underwent a significant refit in 2018, enhancing its luxury and comfort.";"Vladimir Potanin";"$100 000";"";"-"
"Arrow";"Feadship";"Motor Yacht";"75.0";"17";"14";"5,5";"19.0";"2020";"12.5 s";"12.0";"";"Cayman Islands";"H2 Yacht Design";"H2 Yacht Design";"Arrow, a 75-meter motor yacht built by Feadship and delivered in 2020, is renowned for its elegant design and luxurious amenities. Designed by H2 Yacht Design, both exterior and interior, Arrow features a large swimming pool, a helipad, and spacious guest accommodations. The yacht offers an exquisite experience for its guests, combining style and performance.";"Michael Fux";"$120 000";"";"-"
"Elandess";"Abeking & Rasmussen";"Motor Yacht";"74.5";"18";"14";"5";"24.0";"2018";"12.8 s";"12.0";"";"Cayman Islands";"Harrison Eidsgaard";"Harrison Eidsgaard";"Elandess, a 74.5-meter motor yacht built by Abeking & Rasmussen and delivered in 2018, is known for its sleek design and luxurious amenities. Designed by Harrison Eidsgaard, both exterior and interior, Elandess features a large swimming pool, a unique glass-bottom lounge, and spacious guest accommodations. The yacht offers an exquisite experience for her guests, combining style and performance.";"Trond Mohn";"$100 000";"";"-"
"Cloud 9";"CRN";"Motor Yacht";"74.0";"20";"15";"6000";"28.0";"2017";"14.5 s";"12.0";"";"Cayman Islands";"Andrew Winch";"Zuretti Interior Design";"Cloud 9 is an 88.5-meter motor yacht built by Oceanco and delivered in 2017. The yacht features an exterior design by Andrew Winch and luxurious interiors by Zuretti Interior Design.";"Brett Blundy";"$150 000";"";"-"
"Dream";"Abeking & Rasmussen";"Motor Yacht";"74.0";"17";"14";"5";"22.0";"2013";"12.8 s";"12.0";"2018";"Cayman Islands";"Espen Øino";"Bannenberg & Rowell";"Dream, a 74-meter motor yacht built by Abeking & Rasmussen and delivered in 2013, is known for its elegant design and luxurious amenities. Designed by Espen Øino with interiors by Bannenberg & Rowell, Dream features a large swimming pool, a helipad, and extensive leisure facilities. The yacht underwent a significant refit in 2018, enhancing its luxury and comfort.";"Patrick Dovigi";"$160 000";"";"-"
"Dragonfly";"Silver Yachts";"Motor Yacht";"73.5";"27";"20";"4,5";"16.0";"2009";"10.2 s";"12.0";"2014";"Marshall Islands";"Espen Øino";"Silvestrin Design";"Dragonfly, a 73.5-meter motor yacht built by Silver Yachts and delivered in 2009, is known for its sleek design and high-speed performance. Designed by Espen Øino with interiors by Silvestrin Design, Dragonfly features a large swimming pool, a helipad, and extensive leisure facilities. The yacht underwent a significant refit in 2014, enhancing its luxury and comfort.";"Sergey Brin";"$80 000";"";"-"
"Odessa II";"Nobiskrug";"Motor Yacht";"73.2";"17";"14";"5";"20.0";"2013";"12.8 s";"12.0";"";"Cayman Islands";"H2 Yacht Design";"H2 Yacht Design";"Odessa II, a 73.2-meter motor yacht built by Nobiskrug and delivered in 2013, is known for its sleek design and luxurious amenities. Designed by H2 Yacht Design, both exterior and interior, Odessa II features a large swimming pool, a helipad, and extensive leisure facilities. The yacht offers an exquisite experience for her guests, combining style and performance.";"Leonard Blavatnik";"$90 000";"";"-"
"Grace E";"Perini Navi";"Motor Yacht";"73.0";"16.5";"14";"7";"20.0";"2014";"13.2 s";"12.0";"";"Cayman Islands";"Philippe Briand";"Remi Tessier";"Grace E, a 73-meter motor yacht built by Perini Navi and delivered in 2014, is known for its elegant design and luxurious amenities. Designed by Philippe Briand with interiors by Remi Tessier, Grace E features a spa, a gym, and spacious guest accommodations. The yacht offers an exquisite charter experience with top-notch service and comfort.";"Ken Griffin";"$100 000";"";"-"
"Cloudbreak";"Abeking & Rasmussen";"Motor Yacht";"72.5";"15";"12";"8";"22.0";"2016";"12.8 s";"12.0";"";"Cayman Islands";"Espen Øino";"Christian Liaigre";"Cloudbreak, a 72.5-meter motor yacht built by Abeking & Rasmussen and delivered in 2016, is known for its robust design and exploration capabilities. Designed by Espen Øino with interiors by Christian Liaigre, Cloudbreak features luxurious accommodations, a helipad, and extensive leisure facilities, making it ideal for adventurous charters.";"Alexander Svetakov";"$100 000";"";"-"
"Axioma";"Dunya Yachts";"Motor Yacht";"72.0";"17";"14";"5";"20.0";"2013";"13.9 s";"12.0";"2016";"Malta";"Sterling Scott";"Alberto Pinto";"Axioma, a 72-meter motor yacht built by Dunya Yachts and delivered in 2013, is known for its luxurious and spacious design. Designed by Sterling Scott with interiors by Alberto Pinto, Axioma features a large swimming pool, a beach club, and various leisure facilities. The yacht underwent a refit in 2016, enhancing its luxurious amenities and comfort.";"Dmitry Pumpyansky";"$70 000";"";"-"
"Kogo";"Alstom Leroux Naval";"Motor Yacht";"71.71";"16";"14";"4,5";"21.0";"2006";"13.5 s";"12.0";"2016";"Cayman Islands";"Tim Heywood";"Terence Disdale";"Kogo, a 71.71-meter motor yacht built by Alstom Leroux Naval and delivered in 2006, is known for its elegant design and luxurious amenities. Designed by Tim Heywood with interiors by Terence Disdale, Kogo features a large swimming pool, a helipad, and spacious guest accommodations. The yacht underwent a significant refit in 2016, enhancing its luxury and comfort.";"Mansour Ojjeh";"$150 000";"";"-"
"Utopia";"Feadship";"Motor Yacht";"71.6";"16";"14";"5";"17.0";"2004";"11.4 s";"12.0";"2013";"Cayman Islands";"De Voogt Naval Architects";"Redman Whiteley Dixon";"Utopia, a 71.6-meter motor yacht built by Feadship and delivered in 2004, is known for its elegant design and luxurious amenities. Designed by De Voogt Naval Architects with interiors by Redman Whiteley Dixon, Utopia features a large swimming pool, a helipad, and spacious guest accommodations. The yacht underwent a significant refit in 2013, enhancing its luxury and comfort.";"Laurent Dassault";"$150 000";"";"-"
"Martha Ann";"Lürssen";"Motor Yacht";"70.2";"15.5";"14";"6";"20.0";"2008";"12.8 s";"12.0";"2016";"Cayman Islands";"Espen Øino";"Zuretti Interior Design";"Martha Ann, a 70.2-meter motor yacht built by Lürssen and delivered in 2008, is known for its elegant design and luxurious amenities. Designed by Espen Øino with interiors by Zuretti Interior Design, Martha Ann features a large swimming pool, a helipad, and extensive leisure facilities.";"";"";"";"-"
"Lady Christine";"Feadship";"Motor Yacht";"68.0";"16";"14";"4,5";"20.0";"2010";"12.5 s";"12.0";"2015";"Isle of Man";"De Voogt Naval Architects";"Rodney Black Design";"Lady Christine, a 68-meter motor yacht built by Feadship and delivered in 2010, is known for its elegant design and luxurious amenities. Designed by De Voogt Naval Architects with interiors by Rodney Black Design, Lady Christine features a large swimming pool, a helipad, and spacious guest accommodations. The yacht underwent a significant refit in 2015, enhancing its luxury and comfort.";"Lord Irvine Laidlaw";"$50 000";"";"-"
"Icon";"Icon Yachts";"Motor Yacht";"67.5";"16";"14";"6";"17.0";"2010";"11.4 s";"14.0";"2014";"Cayman Islands";"Redman Whiteley Dixon";"Studio Linse";"Icon, a 67.5-meter motor yacht built by Icon Yachts and delivered in 2010, is known for its sleek design and luxurious amenities. Designed by Redman Whiteley Dixon with interiors by Studio Linse, Icon features a large swimming pool, a beach club, and spacious guest accommodations. The yacht underwent a significant refit in 2014, enhancing its luxury and comfort.";"Ian Malouf";"$75 000";"";"-"
"Okto";"ISA Yachts";"Motor Yacht";"66.4";"18.5";"16.5";"6,8";"17.0";"2014";"10.8 s";"12.0";"";"Malta";"Andrea Vallicelli";"Alberto Pinto";"Okto, a 66.4-meter motor yacht built by ISA Yachts and delivered in 2014, is known for its sleek design and luxurious amenities. Designed by Andrea Vallicelli with interiors by Alberto Pinto, Okto features a large swimming pool, a helipad, and spacious guest accommodations. The yacht offers an exquisite experience for her guests, combining style and performance.";"Samih Sawiris";"$50 000";"";"-"
"Luna B";"Oceanco";"Motor Yacht";"66.0";"18";"15";"4,5";"17.0";"2005";"12.5 s";"12.0";"2019";"Cayman Islands";"Oceanco";"Alberto Pinto";"Luna B, a 66-meter motor yacht built by Oceanco and delivered in 2005, is known for its sleek design and luxurious amenities. Designed by Oceanco with interiors by Alberto Pinto, Luna B features a large swimming pool, a helipad, and extensive leisure facilities. The yacht underwent a significant refit in 2019, enhancing its luxury and comfort.";"Eugenio Lopez";"$90 000";"";"-"
"Irimari";"Sunrise Yachts";"Motor Yacht";"63.1";"17";"14";"6";"18.0";"2015";"11.5 s";"12.0";"";"Cayman Islands";"Espen Øino";"Focus Yacht Design";"Irimari, a 63.1-meter motor yacht built by Sunrise Yachts and delivered in 2015, is known for its sleek design and luxurious amenities. Designed by Espen Øino with interiors by Focus Yacht Design, Irimari features a large swimming pool, a helipad, and extensive leisure facilities. The yacht offers an exquisite experience for her guests, combining style and performance.";"Abraham Shrem";"$120 000";"";"-"
"Baton Rouge";"Icon Yachts";"Motor Yacht";"62.5";"16";"14";"4,8";"15.0";"2010";"12.3 s";"14.0";"2016";"Isle of Man";"Tim Heywood";"Redman Whiteley Dixon";"Baton Rouge, a 62.5-meter motor yacht built by Icon Yachts and delivered in 2010, is known for its elegant design and luxurious amenities. Designed by Tim Heywood with interiors by Redman Whiteley Dixon, Baton Rouge features a large swimming pool, a helipad, and spacious guest accommodations. The yacht underwent a significant refit in 2016, enhancing its luxury and comfort.";"George Economou";"$100 000";"";"-"
"Arkley";"Lürssen";"Motor Yacht";"60.0";"17";"14";"4";"15.0";"2009";"12.8 s";"12.0";"2014";"Isle of Man";"Espen Øino";"Mark Berryman";"Arkley, a 60-meter motor yacht built by Lürssen and delivered in 2009, is known for its elegant design and luxurious amenities. Designed by Espen Øino with interiors by Mark Berryman, Arkley features a large swimming pool, a helipad, and spacious guest accommodations. The yacht underwent a significant refit in 2014, enhancing its luxury and comfort.";"C. Michael West";"$70 000";"";"-"
"Elysian";"Abeking & Rasmussen";"Motor Yacht";"60.0";"16";"14";"4,5";"15.0";"2014";"12.8 s";"12.0";"2019";"Cayman Islands";"Donald Starkey Designs";"Bannenberg & Rowell Design";"Elysian, a 60-meter motor yacht built by Abeking & Rasmussen and delivered in 2014, is known for its sleek design and luxurious amenities. Designed by Donald Starkey with interiors by Bannenberg & Rowell, Elysian features a large swimming pool, a helipad, and extensive leisure facilities. The yacht underwent a significant refit in 2019, enhancing its luxury and comfort.";"John A. Paulson";"$110 000";"";"-"
"Excellence V";"Abeking & Rasmussen";"Motor Yacht";"60.0";"16";"13";"4,5";"15.0";"2012";"11.2 s";"12.0";"2018";"Cayman Islands";"Reymond Langton Design";"Reymond Langton Design";"Excellence V, a 60-meter motor yacht built by Abeking & Rasmussen and delivered in 2012, is known for its elegant design and luxurious amenities. Designed by Reymond Langton, both exterior and interior, Excellence V features a large swimming pool, a helipad, and extensive leisure facilities.";"";"";"";"-"
"Slipstream";"CMN Yachts";"Motor Yacht";"60.0";"15";"13";"4";"15.0";"2009";"11 s";"12.0";"2015";"Cayman Islands";"Andrew Winch";"Andrew Winch";"Slipstream, a 60-meter motor yacht built by CMN Yachts and delivered in 2009, is known for its sleek design and luxurious amenities. Designed by Andrew Winch, both exterior and interior, Slipstream features a large swimming pool, a helipad, and extensive leisure facilities.";"";"";"";"-"
"Skyfall";"Trinity Yachts";"Motor Yacht";"58.22";"21";"12";"4000";"14.0";"2010";"10.4 s";"12.0";"2018";"Cayman Islands";"Geoff Van Aller";"Patrick Knowles";"Skyfall, a 58.22-meter motor yacht built by Trinity Yachts and delivered in 2010, is known for its sleek design and high-speed performance. Designed by Geoff Van Aller with interiors by Patrick Knowles, Skyfall features a large swimming pool, a helipad, and extensive leisure facilities. The yacht underwent a significant refit in 2018, enhancing its luxury and comfort.";"John Staluppi";"$50 000";"";"-"
"The Wellesley";"Oceanco";"Motor Yacht";"56.0";"15.5";"13";"5000";"12.0";"1993";"10.4 s";"12.0";"2016";"Isle of Man";"Gerhard Gilgenast";"Donald Starkey Designs";"The Wellesley, a 56-meter motor yacht built by Oceanco and delivered in 1993, is known for its classic design and luxurious amenities. Designed by Gerhard Gilgenast with interiors by Donald Starkey Designs, The Wellesley features a large swimming pool, a helipad, and spacious guest accommodations. The yacht underwent a significant refit in 2016, enhancing its luxury and comfort.";"Khalid Affara";"$80 000";"";"-"
"Forever One";"ISA Yachts";"Motor Yacht";"54.7";"17";"13";"4200";"13.0";"2014";"10.2 s";"12.0";"";"Cayman Islands";"Horacio Bozzo Design";"Studio Massari";"Forever One, a 54.7-meter motor yacht built by ISA Yachts and delivered in 2014, is known for its elegant design and luxurious amenities. Designed by Horacio Bozzo with interiors by Studio Massari, Forever One features a large swimming pool, a beach club, and spacious guest accommodations. The yacht offers an exquisite experience for her guests, combining style and comfort.";"Elizabeth Hurley";"$80 000";"";"-"
"MySky";"Heesen Yachts";"Motor Yacht";"51.0";"15.6";"12";"5400";"13.0";"2014";"9 s";"12.0";"";"Cayman Islands";"Omega Architects";"Erick van Egeraat";"MySky, a 51-meter motor yacht built by Heesen Yachts and delivered in 2014, is known for its elegant design and luxurious amenities. Designed by Omega Architects with interiors by Erick van Egeraat, MySky features a large swimming pool, a helipad, and spacious guest accommodations. The yacht offers an exquisite experience for her guests, combining style and comfort.";"Igor Makarov";"$50 000";"";"-"
"La Pellegrina";"Couach Yachts";"Motor Yacht";"50.0";"25";"20";"4000";"12.0";"2012";"9.3 s";"12.0";"";"Malta";"Couach Yachts";"JP - Fantini Design";"La Pellegrina, a 50-meter motor yacht built by Couach Yachts and delivered in 2012, is known for its sleek design and high-speed performance. Designed by Couach Yachts with interiors by JP - Fantini Design, La Pellegrina features a large swimming pool, a helipad, and extensive leisure facilities. The yacht offers an exquisite experience for her guests, combining style and performance.";"Anil Ambani";"$100 000";"";"-"
"Black Shiver 220";"Nova Marine";"Motor Yacht";"22";"42";"34";"";"2";"2011";"5.90";"2";"";"Italy";"";"";"The Black Shiver 220 is a a mix of luxury and performance, custom built by her owner: huge sundecks, large seats, a single owner's cabin with ensuite bathroom, kitchen, a crew independent cabin.";"";"$3 000";"";"black_shiver"
"Miss";"Götlaborg";"Motor Yacht";"9.0";"12";"10";"40";"1";"1980";"4";"8";"2014";"Hornö";"";"";"";"Erik Mustad";"Priceless";"Carl Mustad";"miss"
"Venus";"Feadship";"Motor Yacht";"78.2";"";"12";"";"11";"2012";"11.8";"";"";"Cayman Islands";"Philippe Starck";"Philippe Starck";"Venus is a motor yacht with an overall length of 78,2 m. The yacht's builder is Feadship from The Netherlands, who launched Venus in 2012. The superyacht has a beam of 11,8 m, a draught of 3 m and a volume of 1 876 GT. Venus features exterior design by Philippe Starck and interior design by Philippe Starck, with naval architecture by De Voogt Naval Architects. Venus has an aluminium hull and an aluminium superstructure. She is powered by 2 MTU engines, which give her a top speed of 12 kn.";"Laurene Powell Jobs";"$130 000";"";"Venus"
"Vassa";"Feadship";"Motor Yacht";"68.77";"";"";"5500";"15";"2012";"11.2";"10";"2019";"Malta";"De Voogt Naval Architects";"RWD";"Vassa motor yacht built by the Dutch shipyard Feadship and is available for charter for up to 10 guests in 5 cabins. This yacht features interior styling by British designer RWD.";"Russian businessman";"$80 000";"";"vassa"
"Lady M";"Palmer Johnson";"Motor Yacht";"65";"28";"24";"2000";"14";"2013";"9.5";"14";"";"Cayman Islands";"";"";"Lady M is a 215-foot luxury superyacht built by Palmer Johnson. It was owned by Russian oligarch Alexei Mordashov. The yacht features six guest cabins, accommodations for a crew of 14, a gym, and a pool. Valued at around $27 000, it was confiscated by Italian authorities in response to sanctions following Russia's invasion of Ukraine";"Alexei Mordashov";"$27 million";"Italian Police";"lady_m"
"118 Wallypower";"Wally Yachts";"Motor Yacht";"36.0";"60";"";"";"6.0";"2002";"9 meters";"3";"";"Great Britain";"Lazzarini Pickering Architects";"Lazzarini Pickering Architects";"The 118 Wallypower is renowned for its sleek, futuristic design and impressive performance. Powered by three gas turbines and two diesel engines, it reaches speeds of up to 60 knots, making it one of the fastest yachts in its class.";"";"";"";"118_wally"