Name;Built By;Yacht Type;Length;Top Speed;Cruise Speed;Range;Crew;Delivered;Beam;Guests;Refit;Flag;Exterior Designer;Interior Designer;Short Info;Owner;Price;Seized By;imageName
Azzam;Lürssen;Motor Yacht;180;31.5;26;6000;60;2013;20.8;36;;UAE;Nauta Yachts;Christophe Leoni;Launched in 2013, Azzam is the largest private motor yacht in the world, measuring 180 meters in length. Built by Lürssen, she features an elegant exterior design by Nauta Yachts and luxurious interiors by Christophe Leoni. Azzam is known for her exceptional speed, capable of reaching over 31 knots, and her sophisticated engineering.;Sheikh Khalifa bin Zayed Al Nahyan;$600 million;;azzam
Fulk Al Salamah;Mariotti Yachts;Motor Yacht;164;19;17;5000;180;2016;24;50;;Oman;Studio de Jorio;Studio de Jorio;Fulk Al Salamah is the second-largest yacht in the world, with a length of 164 meters. Built by Mariotti Yachts and delivered in 2016, she serves as a support vessel to the Omani royal yacht. Designed by Studio de Jorio, Fulk Al Salamah offers extensive amenities and accommodations for a large crew and guests.;Sultan of Oman;$500 million;;fulk_al_salamah
Eclipse;Blohm+Voss;Motor Yacht;162.5;25;20;9000;70;2010;22;36;2015;Bermuda;Terence Disdale;Terence Disdale;Eclipse, a 162.5-meter motor yacht built by Blohm+Voss and delivered in 2010, is known for its impressive size and luxurious amenities. Designed by Terence Disdale, both exterior and interior, Eclipse features a large swimming pool, a helipad, and extensive leisure facilities. The yacht underwent a significant refit in 2015, enhancing its luxury and comfort.;Roman Abramovich;$1.5 billion;;eclipse
Dubai;Platinum Yachts;Motor Yacht;162;26;20;8500;88;2006;22;48;;United Arab Emirates;Andrew Winch;Platinum Yachts;Dubai, a 162-meter motor yacht built by Platinum Yachts and delivered in 2006, is known for its impressive size and luxurious amenities. Designed by Andrew Winch with interiors by Platinum Yachts, Dubai features a large swimming pool, a helipad, and extensive leisure facilities. The yacht offers an exquisite experience for her guests, combining style and performance.;Sheikh Mohammed bin Rashid Al Maktoum;$400 million;;dubai
Blue;Lürssen;Motor Yacht;160;20;18;5000;80;2022;22.5;48;-;-;Terence Disdale;Terence Disdale;In 2022, the prestigious Lurssen shipyard launched the magnificent Blue yacht, an awe-inspiring vessel designed by the esteemed Terence Disdale. As one of the world’s largest yachts with a volume of 15,320 tons, Blue is only slightly smaller than the renowned Dilbar, yet offers a distinctive level of grandeur and elegance.;Mansour bin Zayed Al Nahyan;$600 million;;blue
Dilbar;Lürssen;Motor Yacht;156;22.5;18;10000;96;2016;23.5;40;;Cayman Islands;Espen Øino;Andrew Winch;Dilbar, a 156-meter motor yacht built by Lürssen and delivered in 2016, is known for its impressive size and luxurious amenities. Designed by Espen Øino with interiors by Andrew Winch, Dilbar features a large swimming pool, a helipad, and extensive leisure facilities. The yacht offers an exquisite experience for her guests, combining style and performance.;Alisher Usmanov;$800 million;German government;dilbar
Al Said;Lürssen;Motor Yacht;155;22;18;9000;154;2008;24;65;;Oman;Espen Øino;Redman Whiteley Dixon;Al Said, a 155-meter motor yacht built by Lürssen and delivered in 2008, is known for its impressive size and luxurious amenities. Designed by Espen Øino with interiors by Redman Whiteley Dixon, Al Said features a large swimming pool, a helipad, and extensive leisure facilities. The yacht offers an exquisite experience for her guests, combining style and performance.;Sultan of Oman;$600 million;;al_said
A+;Lürssen;Motor Yacht;147;22;17;7500;80;2012;20;62;;UAE;Tim Heywood;Terence Disdale Design;A+, a 147-meter motor yacht built by Lürssen and delivered in 2012, is known for its impressive size and luxurious amenities. Designed by Tim Heywood with interiors by Terence Disdale Design, A+ features a large swimming pool, a helipad, and extensive leisure facilities. The yacht offers an exquisite experience for her guests, combining style and performance.;Mansour bin Zayed Al Nahyan;$527 million;;a+
Prince Abdulaziz;Helsingør Værft;Motor Yacht;147;22;18;8500;65;1984;18;22;2005;Saudi Arabia;Maierform;David Hicks;Prince Abdulaziz, a 147-meter yacht, was the largest yacht in the world at the time of her delivery in;Saudi Royal Family;$184 million;;prince_abdulaziz
Opera;Lürssen;Motor Yacht;146.4;20;16;6000;56;2023;20;36;;Cayman Islands;Espen Øino;Terence Disdale;Opera is a 146.4-meter motor yacht built by Lürssen and delivered in 2023. The yacht features an exterior design by Espen Øino and luxurious interiors by Terence Disdale.;Abdullah bin Zayed Al Nahyan;$450 million;;opera
Project 1007;Lürssen;Motor Yacht;146;24;16;7500;70;2020;20;36;;Cayman Islands;Espen Øino;Reymond Langton Design;Project 1007, a 146-meter motor yacht built by Lürssen and delivered in 2020, is known for its impressive size and luxurious amenities. Designed by Espen Øino with interiors by Reymond Langton Design, Project 1007 features a large swimming pool, a helipad, and extensive leisure facilities. The yacht offers an exquisite experience for her guests, combining style and performance.;Bernard Arnault;$500 million;;project_1007
El Mahrousa;Samuda Brothers;Motor Yacht;145.7;16;13;6000;160;1865;13;54;2016;Egypt;Sir Oliver Lang;Multiple refits;El Mahrousa, a 145.7-meter motor yacht built by Samuda Brothers and delivered in 1865, is known for its historic significance and luxurious amenities. Designed by Sir Oliver Lang with multiple refits over the years, El Mahrousa features a large swimming pool, a helipad, and extensive leisure facilities. The yacht underwent a significant refit in 2016, enhancing its luxury and comfort.;Egyptian Government;Priceless;;el_mahrousa
Luminance;Lürssen;Motor Yacht;138.8;19.5;-;-;-;-;22.8;-;-;-;Espen Øino;Zuretti Interior Design;;Rinat Akhmetov;$500 million;;Luminance
Sailing Yacht A;Nobiskrug;Sailing Yacht;142.81;21;18;5320;54;2017;25;20;;Bermuda;Philippe Starck;Philippe Starck;Sailing Yacht A, a 142.81-meter sailing yacht built by Nobiskrug and delivered in 2017, is known for its futuristic design and luxurious amenities. Designed by Philippe Starck, both exterior and interior, Sailing Yacht A features a unique sail-assisted propulsion system, extensive leisure facilities, and a modern, minimalist aesthetic.;Andrey Melnichenko;$480 million;;sailing_yacht_a
Nord;Lürssen;Motor Yacht;142;20;15;6000;40;2021;19;24;;Cayman Islands;Nuvolari Lenard;Nuvolari Lenard;Nord, a 142-meter motor yacht built by Lürssen and delivered in 2021, is known for its sleek design and luxurious amenities. Designed by Nuvolari Lenard, both exterior and interior, Nord features a large swimming pool, a helipad, and extensive leisure facilities. The yacht offers an exquisite experience for her guests, combining style and performance. Lady M and Nord are two different yachts, both owned by Russian oligarch Alexei Mordashov. While Lady M has been seized, Nord remains docked in the Seychelles, avoiding sanctions.;Alexei Mordashov;$500 million;;nord
Yas;Abu Dhabi MAR;Motor Yacht;141;26;20;6000;56;2015;15;60;;UAE;Pierrejean Design Studio;Pierrejean Design Studio;Yas, a 141-meter motor yacht built by Abu Dhabi MAR and delivered in 2015, is known for its sleek design and luxurious amenities. Designed by Pierrejean Design Studio, both exterior and interior, Yas features a large swimming pool, a helipad, and extensive leisure facilities. The yacht offers an exquisite experience for her guests, combining style and performance.;Sheikh Hamdan bin Zayed Al Nahyan;$180 million;;yas
Ocean Victory;Fincantieri;Motor Yacht;140;19;15;8000;50;2014;19;28;;Cayman Islands;Espen Øino;Alberto Pinto;Ocean Victory, a 140-meter motor yacht built by Fincantieri and delivered in 2014, is known for its impressive size and luxurious amenities. Designed by Espen Øino with interiors by Alberto Pinto, Ocean Victory features a large swimming pool, a helipad, and extensive leisure facilities. The yacht offers an exquisite experience for her guests, combining style and performance.;Viktor Rashnikov;$300 million;;ocean_victory
Scheherazade;Lürssen;Motor Yacht;140;19;15;5000;70;2020;18;40;;Cayman Islands;Espen Øino;Zuretti Interior Design;Scheherazade is a 140-meter motor yacht built by Lürssen and delivered in 2020. The yacht features an exterior design by Espen Øino and luxurious interiors by Zuretti Interior Design. Believed to be owned by Russian President Vladimir Putin. The 140-meter luxury ship Scheherazade was seized by Italy in May 2022 as part of EU sanctions over Russia's invasion of Ukraine. A U.S. federal court case over superyacht seizures is pending and investigative journalists have alleged that Putin's ownership is being concealed behind a straw owner. Eduard Khudainatov the former CEO of Russian energy giant Rosneft, says he is the owner of the Scheherazade -- and two other seized superyachts linked to oligarchs.;Eduard Khudainatov;$700 million;Italian government;
Al Salamah;HDW & Lürssen;Motor Yacht;139;21;17;7500;96;1999;23;40;2009;Saudi Arabia;Terence Disdale;Terence Disdale;Al Salamah, a 139-meter motor yacht built by HDW & Lürssen and delivered in 1999, is known for its impressive size and luxurious amenities. Designed by Terence Disdale, both exterior and interior, Al Salamah features a large swimming pool, a helipad, and extensive leisure facilities. The yacht underwent a significant refit in 2009, enhancing its luxury and comfort.;Sultan bin Abdulaziz Al Saud;$200 million;;al_salamah
Solaris;Lloyd Werft;Motor Yacht;139;18;15;6000;60;2021;21;36;;Bermuda;Marc Newson;Marc Newson;Solaris is a 139-meter motor yacht built by Lloyd Werft and delivered in 2021. The yacht features both exterior and interior designs by Marc Newson.;Roman Abramovich;$600 million;;
Rising Sun;Lürssen;Motor Yacht;138.4;28;24;8000;46;2004;18.5;16;2011;Cayman Islands;Jon Bannenberg;Seccombe Design;Rising Sun, a 138-meter motor yacht built by Lürssen and delivered in 2004, is known for its sleek design and luxurious amenities. Designed by Jon Bannenberg with interiors by Seccombe Design, Rising Sun features a large swimming pool, a helipad, and extensive leisure facilities. The yacht underwent a significant refit in 2011, enhancing its luxury and comfort.;David Geffen;$590 million;;
Flying Fox;Lürssen;Motor Yacht;136;20;15;6000;54;2019;20.5;22;;Cayman Islands;Espen Øino;Mark Berryman Design;Flying Fox, a 136-meter motor yacht built by Lürssen and delivered in 2019, is known for its impressive size and luxurious amenities. Designed by Espen Øino with interiors by Mark Berryman Design, Flying Fox features a large swimming pool, a helipad, and extensive leisure facilities. The yacht offers an exquisite experience for her guests, combining style and performance.;Dmitry Kamenshchik;$400 million;;
Savarona;Blohm+Voss;Motor Yacht;136;18;16;5000;50;1931;16;34;1992, 2013;Turkey;Cox & Stevens;Donald Starkey;Savarona, built by Blohm+Voss and delivered in 1931, is one of the most iconic superyachts in the world. Originally commissioned by Emily Roebling Cadwalader, the yacht was later acquired by the Turkish government. Savarona underwent extensive refits in 1992 and 2013 and features classic design elements with modern amenities. The yacht is currently used for official state functions and private charters.;Turkish Government;$100 million;;
Crescent;Lürssen;Motor Yacht;135;20;14;6000;36;2018;22;20;;Cayman Islands;Espen Øino;Zuretti Interior Design;Crescent, a 135-meter motor yacht built by Lürssen and delivered in 2018, is known for its impressive size and luxurious amenities. Designed by Espen Øino with interiors by Zuretti Interior Design, Crescent features a large swimming pool, a helipad, and extensive leisure facilities. The yacht offers an exquisite experience for her guests, combining style and performance.;Mansour bin Zayed Al Nahyan;$600 million;Spanish government;
Serene;Fincantieri;Motor Yacht;133.9;25;15;6000;52;2011;18.5;24;2018;Cayman Islands;Espen Øino;Reymond Langton Design;Serene, a 133.9-meter motor yacht built by Fincantieri and delivered in 2011, is known for its elegant design and luxurious amenities. Designed by Espen Øino with interiors by Reymond Langton Design, Serene features a large swimming pool, a helipad, and extensive leisure facilities. The yacht underwent a significant refit in 2018, enhancing its luxury and comfort.;Mohammed bin Salman;$500 million;;
Al Mirqab;Peters Schiffbau Wewelsfleth;Motor Yacht;133;20;18;8000;60;2008;18.5;36;;Qatar;Tim Heywood;Andrew Winch;Al Mirqab, a 133-meter motor yacht built by Peters Schiffbau Wewelsfleth and delivered in 2008, is known for its impressive size and luxurious amenities. Designed by Tim Heywood with interiors by Andrew Winch, Al Mirqab features a large swimming pool, a helipad, and extensive leisure facilities. The yacht offers an exquisite experience for her guests, combining style and performance.;Hamad bin Jassim bin Jaber Al Thani;$250 million;;
Koru;Oceanco;Sailing Yacht;127;18;15;5500;40;2023;16;30;;Netherlands;Oceanco Design Team;Nuvolari Lenard;Koru, a 127-meter sailing yacht built by Oceanco and delivered in 2023, is renowned for its state-of-the-art design and sustainability features. With an exterior designed by the Oceanco Design Team and interiors by Nuvolari Lenard, Koru features advanced sailing technology, luxurious accommodations, and extensive leisure facilities, making it a masterpiece in modern yacht building.;Jeff Bezos;$500 million;;
Octopus;Lürssen;Motor Yacht;126.2;19;17;12500;63;2003;21;26;2019;Cayman Islands;Espen Øino;Jonathan Quinn Barnett;Octopus, a 126-meter motor yacht built by Lürssen and delivered in 2003, is known for its impressive size and luxurious amenities. Designed by Espen Øino with interiors by Jonathan Quinn Barnett, Octopus features two helipads, a large swimming pool, and extensive leisure facilities. The yacht underwent a significant refit in 2019, enhancing its luxury and performance.;Jody Allen;$285 million;;octopus
Maryah;Elefsis Shipyards;Motor Yacht;125;19;15;6000;54;2015;18;36;;Cayman Islands;H2 Yacht Design;H2 Yacht Design;Maryah, a 125-meter motor yacht built by Elefsis Shipyards and delivered in 2015, is known for its sleek design and luxurious amenities. Designed by H2 Yacht Design, both exterior and interior, Maryah features a large swimming pool, a helipad, and extensive leisure facilities. The yacht offers an exquisite experience for her guests, combining style and performance.;Sheikh Hamdan bin Mohammed bin Rashid Al Maktoum;$250 million;;
Katara;Lürssen;Motor Yacht;124;20;15;6000;60;2010;18;34;;Qatar;Espen Øino;Alberto Pinto;Katara, a 124-meter motor yacht built by Lürssen and delivered in 2010, is known for its impressive size and luxurious amenities. Designed by Espen Øino with interiors by Alberto Pinto, Katara features a large swimming pool, a helipad, and extensive leisure facilities. The yacht offers an exquisite experience for her guests, combining style and performance.;Sheikh Hamad bin Khalifa Al Thani;$400 million;;
Golden Odyssey;Lürssen;Motor Yacht;123.2;20;16;7500;70;2015;18.5;32;;Saudi Arabia;Martin Francis;Alberto Pinto;Golden Odyssey is a 123.2-meter motor yacht built by Lürssen and delivered in 2015. The yacht features an exterior design by Martin Francis and luxurious interiors by Alberto Pinto.;Khalid bin Sultan Al Saud;$400 million;;
Al Lusail;Lürssen;Motor Yacht;123;20;15;7000;36;2017;20;36;;Qatar;H2 Yacht Design;March & White;Al Lusail, a 123-meter motor yacht built by Lürssen and delivered in 2017, is known for its impressive size and luxurious amenities. Designed by H2 Yacht Design with interiors by March & White, Al Lusail features a large swimming pool, a helipad, and extensive leisure facilities. The yacht offers an exquisite experience for her guests, combining style and performance.;Tamim bin Hamad Al Thani;$300 million;;
Alexander;Flender Werke;Motor Yacht;122;18;14;4000;60;1965;16;80;2008;Greece;Alpha Marine;Alpha Marine;Alexander is a 122-meter motor yacht built by Flender Werke and delivered in 1965. The yacht has undergone significant refits with the most recent one in 2008, and features both exterior and interior designs by Alpha Marine.;Latsis family;$75 million;;
A;Blohm+Voss;Sailing Yacht;119;21;16;5000;54;2017;25;20;;Bermuda;Philippe Starck;Philippe Starck;Sailing Yacht A is a 142.81-meter sailing yacht built by Nobiskrug and delivered in 2017. The yacht features both exterior and interior designs by Philippe Starck.;Andrey Melnichenko;$500 million;;
Motor Yacht A;Blohm+Voss;Motor Yacht;119;23;19.5;6500;42;2008;18.9;14;;Bermuda;Philippe Starck;Philippe Starck;Motor Yacht A, a 119-meter motor yacht built by Blohm+Voss and delivered in 2008, is known for its unique design and luxurious amenities. Designed by Philippe Starck, both exterior and interior, Motor Yacht A features a large swimming pool, a helipad, and extensive leisure facilities. The yacht offers an exquisite experience for her guests, combining style and performance.;Andrey Melnichenko;$300 million;;
Infinity;Oceanco;Motor Yacht;117;20;16;5500;40;2022;16;12;;Cayman Islands;Espen Øino;Sinot Yacht Architecture & Design;Infinity is a 117-meter motor yacht built by Oceanco and delivered in 2022. The yacht features an exterior design by Espen Øino and luxurious interiors by Sinot Yacht Architecture & Design.;Eric Smidt;$300 million;;
Turama;Rauma Shipyard;Motor Yacht;116.4;18;14;4000;60;1990;16;70;2004;Greece;Alpha Marine;Alpha Marine;Turama is a 116.4-meter motor yacht built by Rauma Shipyard and delivered in 1990. The yacht has undergone significant refits with the most recent one in 2004, and features both exterior and interior designs by Alpha Marine.;Saudi Arabian government;$85 million;;
Ulysses;Kleven;Motor Yacht;116;15;12;8500;42;2018;18;30;;Cayman Islands;Oscar Mike Limited;H2 Yacht Design;Ulysses, a 116-meter motor yacht built by Kleven and delivered in 2018, is known for its robust design and exploration capabilities. Designed by Oscar Mike Limited with interiors by H2 Yacht Design, Ulysses features a large swimming pool, a helipad, and extensive leisure facilities. The yacht offers an adventurous yet luxurious experience for her guests.;Graeme Hart;$275 million;;
Atlantis II;Hellenic Shipyards S.A.;Motor Yacht;115.8;16;14;6000;30;1981;16;26;;Greece;Caesar Pinnau;Caesar Pinnau;Atlantis II is a 115.8-meter motor yacht built by Hellenic Shipyards and delivered in 1981. The yacht features both exterior and interior designs by Caesar Pinnau.;Philip Niarchos;$90 million;;
Navtilvs;Hellenic Shipyards S.A.;Motor Yacht;115.8;17;15;5000;35;1973;15;40;2006;Greece;Caesar Pinnau;Caesar Pinnau;Navtilvs is a 115.8-meter motor yacht built by Hellenic Shipyards and delivered in 1973. The yacht features both exterior and interior designs by Caesar Pinnau.;Yiannis D. Procopiou;$80 million;;
Ahpo;Lürssen;Motor Yacht;115.1;18;15;6000;50;2021;18;20;;Cayman Islands;Nuvolari Lenard;Nuvolari Lenard;Ahpo is a 115.1-meter motor yacht built by Lürssen and delivered in 2021. The yacht features both exterior and interior designs by Nuvolari Lenard.;Michael Lee-Chin;$300 million;;
Luna;Lloyd Werft;Motor Yacht;115;22;18;8000;50;2010;20;18;2017;Cayman Islands;Newcruise;Donald Starkey;Luna, a 115-meter motor yacht built by Lloyd Werft and delivered in 2010, is known for its impressive size and luxurious amenities. Designed by Newcruise with interiors by Donald Starkey, Luna features a large swimming pool, a helipad, and extensive leisure facilities. The yacht underwent a significant refit in 2017, enhancing its luxury and comfort.;Farkhad Akhmedov;$360 million;;
Pelorus;Lürssen;Motor Yacht;115;20;16;6000;42;2003;17.2;22;2018;Cayman Islands;Tim Heywood;Terence Disdale;Pelorus, a 115-meter motor yacht built by Lürssen and delivered in 2003, is known for its sleek design and luxurious amenities. Designed by Tim Heywood with interiors by Terence Disdale, Pelorus features a large swimming pool, a helipad, and extensive leisure facilities. The yacht underwent a significant refit in 2018, enhancing its luxury and comfort.;Samuel Tak Lee;$300 million;;
Project Enzo;Lürssen;Motor Yacht;115;20;16;7000;30;2022;16;24;;Cayman Islands;Nuvolari Lenard;Nuvolari Lenard;Project Enzo, a 115-meter motor yacht built by Lürssen and delivered in 2022, is known for its innovative design and luxurious amenities. Designed by Nuvolari Lenard, both exterior and interior, Project Enzo features a large swimming pool, a helipad, and spacious guest accommodations. The yacht offers an exquisite experience for her guests, combining style and performance.;Sheikh Khalifa bin Zayed Al Nahyan;$500 million;;
Le Grand Bleu;Bremer Vulkan;Motor Yacht;113;17;15;8000;50;2000;17.68;20;2016;Cayman Islands;Kusch Yachts;Terence Disdale;Le Grand Bleu, a 113-meter motor yacht built by Bremer Vulkan and delivered in 2000, is known for its large deck spaces and extensive amenities. Designed by Kusch Yachts with interiors by Terence Disdale, Le Grand Bleu features a swimming pool, a helipad, and a fleet of smaller boats. The yacht underwent a significant refit in 2016, enhancing its luxury and comfort.;Eugene Shvidler;$150 million;;
Alaiya;Lürssen;Motor Yacht;111.5;17;14;5000;45;2019;16;24;;Bermuda;Winch Design;Winch Design;Alaiya is a 111.5-meter motor yacht built by Lürssen and delivered in 2019. The yacht features both exterior and interior designs by Winch Design.;Lakshmi Mittal;$250 million;;
Tis;Lürssen;Motor Yacht;111;18;14;7000;38;2019;16.85;18;;Cayman Islands;Winch Design;Winch Design;Tis, a 111-meter motor yacht built by Lürssen and delivered in 2019, is known for its luxurious design and extensive amenities. Designed by Winch Design, both exterior and interior, Tis features a large swimming pool, a helipad, and lavish accommodations. The yacht offers an exquisite experience for her guests, combining elegance and performance.;;;;
Al Raya;Lürssen;Motor Yacht;110;21;18;6500;45;2008;16;30;2019;Bahrain;Espen Øino;Terence Disdale;Al Raya is a 110-meter motor yacht built by Lürssen and delivered in 2008. The yacht features an exterior design by Espen Øino and luxurious interiors by Terence Disdale.;Bahraini royal family;$300 million;;
Anna;Feadship;Motor Yacht;110;18;15;5000;30;2018;17;12;;Cayman Islands;Michael Leach Design;Michael Leach Design;Anna is a 110-meter motor yacht built by Feadship and delivered in 2018. The yacht features both exterior and interior designs by Michael Leach Design.;Dmitry Rybolovlev;$250 million;;
Jubilee;Oceanco;Motor Yacht;110;18.5;14;5000;31;2017;16.4;30;;Cayman Islands;Igor Lobanov;Sam Sorgiovanni;Jubilee, a 110-meter motor yacht built by Oceanco and delivered in 2017, is known for its sleek design and luxurious amenities. Designed by Igor Lobanov with interiors by Sam Sorgiovanni, Jubilee features a large swimming pool, a helipad, and extensive leisure facilities. The yacht offers an exquisite experience for her guests, combining style and performance.;;;;
Kaos;Oceanco;Motor Yacht;110;18;15;5000;50;2017;18;30;;Cayman Islands;Sam Sorgiovanni;Reymond Langton Design;Kaos is a 110-meter motor yacht built by Oceanco and delivered in 2017. The yacht features an exterior design by Sam Sorgiovanni and luxurious interiors by Reymond Langton Design.;Nancy Walton Laurie;$300 million;;
Radiant;Lürssen;Motor Yacht;110;21;16;6000;44;2009;16.2;20;2014;Cayman Islands;Tim Heywood;Glenn Pushelberg;Radiant, a 110-meter motor yacht built by Lürssen and delivered in 2009, is known for its sleek design and luxurious amenities. Designed by Tim Heywood with interiors by Glenn Pushelberg, Radiant features a large swimming pool, a helipad, and extensive leisure facilities. The yacht underwent a significant refit in 2014, enhancing its luxury and comfort.;Abdulla Al Futtaim;$320 million;;
Radiant;Lürssen;Motor Yacht;110;21;16;6000;44;2009;16.3;20;2019;Cayman Islands;Tim Heywood;Glen Pushelberg;Radiant, a 110-meter motor yacht built by Lürssen and delivered in 2009, is known for its sleek design and luxurious amenities. Designed by Tim Heywood with interiors by Glen Pushelberg, Radiant features a large swimming pool, a helipad, and extensive leisure facilities. The yacht underwent a significant refit in 2019, enhancing its luxury and comfort.;Abdulla Al Futtaim;$320 million;;
Sea Cloud;Krupp Germaniawerft;Sailing Yacht;109.5;12;10;4000;60;1931;15.1;64;2011;Malta;Cox & Stevens;Cox & Stevens;Sea Cloud is a 109.5-meter sailing yacht built by Krupp Germaniawerft and delivered in 1931. The yacht features both exterior and interior designs by Cox & Stevens.;Sea Cloud Cruises;$100 million;;
Bravo Eugenia;Oceanco;Motor Yacht;109;19;14;6000;30;2018;16.3;14;;Cayman Islands;Nuvolari Lenard;Reymond Langton Design;Bravo Eugenia, a 109-meter motor yacht built by Oceanco and delivered in 2018, is known for its sleek design and luxurious amenities. Designed by Nuvolari Lenard with interiors by Reymond Langton Design, Bravo Eugenia features a large swimming pool, a helipad, and extensive leisure facilities. The yacht offers an exquisite experience for her guests, combining style and performance.;Jerry Jones;$250 million;;
Seven Seas;Oceanco;Motor Yacht;109;20;16;6000;28;2022;16;14;;Cayman Islands;Nuvolari Lenard;Nuvolari Lenard;Seven Seas is a 109-meter motor yacht built by Oceanco and delivered in 2022. The yacht features both exterior and interior designs by Nuvolari Lenard.;Steven Spielberg;$300 million;;
IJE;Benetti;Motor Yacht;108;18.5;14;6500;29;2019;15.5;22;;Cayman Islands;RWD;Benetti;IJE, a 108-meter motor yacht built by Benetti and delivered in 2019, is known for its elegant design and luxurious amenities. Designed by RWD with interiors by Benetti, IJE features a large swimming pool, a helipad, and extensive leisure facilities. The yacht offers an exquisite experience for her guests, combining style and performance.;James Packer;$200 million;;
Luminosity;Benetti;Motor Yacht;107.6;16;13;8000;31;2020;17;27;;Cayman Islands;Zaniz Jakubowski;Zaniz Jakubowski;Luminosity, a 107.6-meter motor yacht built by Benetti and delivered in 2020, is known for its innovative design and luxurious amenities. Designed by Zaniz Jakubowski, both exterior and interior, Luminosity features a large swimming pool, a helipad, and extensive leisure facilities. The yacht offers an exquisite experience for her guests, combining style and performance.;;;;
Andromeda;Kleven;Motor Yacht;107.4;16;14;8500;30;2016;18;24;2019;Cayman Islands;Oscar Mike Limited;H2 Yacht Design;Andromeda, a 107.4-meter motor yacht built by Kleven and delivered in 2016, is known for its robust design and luxurious amenities. Designed by Oscar Mike Limited with interiors by H2 Yacht Design, Andromeda features a large swimming pool, a helipad, and extensive leisure facilities. The yacht underwent a significant refit in 2019, enhancing its luxury and comfort.;Yuri Milner;$150 million;;
Lana;Benetti;Motor Yacht;107;18;15;5000;35;2019;14;12;;Cayman Islands;Benetti;Benetti;Lana is a 107-meter motor yacht built by Benetti and delivered in 2019. The yacht features both exterior and interior designs by Benetti.;Abu Dhabi royal family;$200 million;;
Ulysses;Kleven;Explorer Yacht;107;16;12;8500;42;2018;18;30;;Cayman Islands;Oscar Mike Naval Architects;H2 Yacht Design;Ulysses, a 107-meter explorer yacht built by Kleven and delivered in 2018, is known for its rugged design and luxurious amenities. Designed by Oscar Mike Naval Architects with interiors by H2 Yacht Design, Ulysses features a large swimming pool, a helipad, and extensive leisure facilities. The yacht offers an exquisite experience for her guests, combining style and performance with exploration capabilities.;Graeme Hart;$275 million;;
Black Pearl;Oceanco;Sailing Yacht;106.7;30;17.5;7000;18;2018;15;12;;Cayman Islands;Ken Freivokh Nuvolari Lenard;Ken Freivokh, Nuvolari Lenard;Black Pearl is a 106.7-meter sailing yacht built by Oceanco and delivered in 2018. The yacht features an exterior design by Ken Freivokh and Nuvolari Lenard, and luxurious interiors by the same designers.;Oleg Burlakov;$250 million;;
Dream;Abeking & Rasmussen;Motor Yacht;106.5;17.5;15;6000;30;2018;16.3;20;;Cayman Islands;Andrew Winch;Andrew Winch;Dream, a 106.5-meter motor yacht built by Abeking & Rasmussen and delivered in 2018, is known for its sleek design and luxurious amenities. Designed by Andrew Winch, both exterior and interior, Dream features a large swimming pool, a helipad, and extensive leisure facilities. The yacht offers an exquisite experience for her guests, combining style and performance.;Patrick Dovigi;$160 million;;
Solar;Oceanco;Motor Yacht;106.5;20;14;5000;30;2015;15;12;;Marshall Islands;Nuvolari Lenard;Nuvolari Lenard;Solar, also known as Black Pearl, is a 106.5-meter motor yacht built by Oceanco and delivered in;Eyal Ofer;$200 million;;
Amadea;Lürssen;Motor Yacht;106;20;16;8000;36;2017;18;22;;Cayman Islands;Espen Øino;Francois Zuretti;Amadea, a 106-meter motor yacht built by Lürssen and delivered in 2017, is known for its impressive size and luxurious amenities. Designed by Espen Øino with interiors by Francois Zuretti, Amadea features a large swimming pool, a helipad, and extensive leisure facilities. The yacht offers an exquisite experience for her guests, combining style and performance.;Suleiman Kerimov;$325 million;US government;
Lady Moura;Blohm+Voss;Motor Yacht;104.85;22;20;8000;60;1990;19;30;2020;Saudi Arabia;Luigi Sturchio;Luigi Sturchio;Lady Moura, a 104.85-meter motor yacht built by Blohm+Voss and delivered in 1990, is renowned for its luxurious design and extensive amenities. Designed by Luigi Sturchio, both exterior and interior, Lady Moura features a large swimming pool, a helipad, and lavish accommodations. The yacht underwent a significant refit in 2020, enhancing its luxury and comfort.;Nasser Al-Rashid;$210 million;;
Quantum Blue;Lürssen;Motor Yacht;104;22;18;6000;36;2014;16.8;14;;Cayman Islands;Tim Heywood;Alberto Pinto;Quantum Blue, a 104-meter motor yacht built by Lürssen and delivered in 2014, is known for its impressive size and luxurious amenities. Designed by Tim Heywood with interiors by Alberto Pinto, Quantum Blue features a large swimming pool, a helipad, and extensive leisure facilities. The yacht offers an exquisite experience for her guests, combining style and performance.;Sergey Galitsky;$250 million;;
Loaloat Al Behar;Perini Navi;Motor Yacht;103.8;16;12;3000;50;1982;14;50;;Oman;Perini Navi;Perini Navi;Loaloat Al Behar is a 103.8-meter motor yacht built by Perini Navi and delivered in 1982. The yacht features both exterior and interior designs by Perini Navi.;Sultan Qaboos;$100 million;;
Symphony;Feadship;Motor Yacht;101.5;22;15;6000;38;2015;14.1;20;;Cayman Islands;Tim Heywood;Zuretti Interior Design;Symphony, a 101.5-meter motor yacht built by Feadship and delivered in 2015, is known for its elegant design and luxurious amenities. Designed by Tim Heywood with interiors by Zuretti Interior Design, Symphony features a large swimming pool, a helipad, and extensive leisure facilities. The yacht offers an exquisite experience for her guests, combining style and performance.;Bernard Arnault;$150 million;;
I Dynasty;Kusch Yachts;Motor Yacht;100.8;16;12;4000;30;2015;15;22;;Cayman Islands;The A Group;The A Group;I Dynasty is a 100.8-meter motor yacht built by Kusch Yachts and delivered in 2015. The yacht features both exterior and interior designs by The A Group.;Alijan Ibragimov;$200 million;;
Attessa IV;Hayashikane;Motor Yacht;100;20;16;5000;28;1999;14;16;2010;Cayman Islands;Glade Johnson;Glade Johnson;Attessa IV is a 100-meter motor yacht built by Hayashikane and delivered in 1999. The yacht features an exterior and interior design by Glade Johnson and underwent a major refit in 2010.;Dennis Washington;$150 million;;
Moonrise;Feadship;Motor Yacht;100;19;15;5500;32;2020;15;16;;Cayman Islands;De Voogt Naval Architects;Remi Tessier;Moonrise is a 100-meter motor yacht built by Feadship and delivered in 2020. The yacht features an exterior design by De Voogt Naval Architects and luxurious interiors by Remi Tessier.;Jan Koum;$250 million;;
Christina O;Canadian Vickers;Motor Yacht;99.2;19;14;4000;39;1943;11;34;2001;Greece;Caesar Pinnau;Apostolos Molindris;Christina O a 99.2-meter motor yacht built by Canadian Vickers in 1943 and extensively refitted in 2001, was originally owned by Greek shipping magnate Aristotle Onassis. The yacht features an exterior design by Caesar Pinnau and interiors by Apostolos Molindris.;John Paul Papanicolaou;$32 million;;
Madame Gu;Feadship;Motor Yacht;99;24;18;7000;36;2013;13.6;12;;Cayman Islands;Andrew Winch;Andrew Winch;Madame Gu, a 99-meter motor yacht built by Feadship and delivered in 2013, is known for its sleek design and luxurious amenities. Designed by Andrew Winch, both exterior and interior, Madame Gu features a large swimming pool, a helipad, and extensive leisure facilities. The yacht offers an exquisite experience for her guests, combining style and performance.;Andrey Guryev;$120 million;;
Aviva;Abeking & Rasmussen;Motor Yacht;98.4;20;14;6000;25;2017;17.24;16;;Cayman Islands;Reymond Langton Design;Reymond Langton Design;Aviva, a 98.4-meter motor yacht built by Abeking & Rasmussen and delivered in 2017, is known for its sleek design and luxurious amenities. Designed by Reymond Langton, both exterior and interior, Aviva features a large swimming pool, a full-size tennis court, and extensive leisure facilities. The yacht offers an exquisite experience for her guests.;Joe Lewis;$250 million;;
Carinthia VII;Lürssen;Motor Yacht;97.2;26;18;6000;24;2002;16.6;12;2018;Cayman Islands;Tim Heywood;Ellerhorst Kreuter;Carinthia VII, a 97.2-meter motor yacht built by Lürssen and delivered in 2002, is known for its sleek design and luxurious amenities. Designed by Tim Heywood with interiors by Ellerhorst Kreuter, Carinthia VII features a large swimming pool, a helipad, and extensive leisure facilities. The yacht underwent a significant refit in 2018, enhancing its luxury and comfort.;;;;
Faith;Feadship;Motor Yacht;96.5;17;14;5000;34;2017;14.5;12;;Cayman Islands;RWD;Chahan Interior Design;Faith, a 96.5-meter motor yacht built by Feadship and delivered in 2017, is known for its sleek design and luxurious amenities. Designed by RWD with interiors by Chahan Interior Design, Faith features a swimming pool, a beach club, and a helipad. The yacht offers an exquisite experience for her guests and is available for charter.;Lawrence Stroll;$200 million;;
Limitless;Lürssen;Motor Yacht;96;25;20;5000;20;1997;12.5;16;2015;United States;Jon Bannenberg;François Catroux;Limitless, a 96-meter motor yacht built by Lürssen and delivered in 1997, is known for its sleek design and high-speed performance. Designed by Jon Bannenberg with interiors by François Catroux, Limitless features luxurious accommodations, a large swimming pool, and extensive leisure facilities. The yacht underwent a refit in 2015, enhancing its comfort and luxury.;Leslie Wexner;$100 million;;
Palladium;Blohm + Voss;Motor Yacht;96;19;14;6000;30;2010;17;16;;Cayman Islands;Michael Leach Design;Michael Leach Design;Palladium is a 96-meter motor yacht built by Blohm + Voss and delivered in 2010. The yacht features both exterior and interior designs by Michael Leach Design.;Mikhail Prokhorov;$200 million;;
Vava II;Devonport Yachts;Motor Yacht;96;19;14;6000;34;2011;17;22;;Cayman Islands;Redman Whiteley Dixon;Remi Tessier;"Vava II is a 96-meter motor yacht built by Devonport Yachts and delivered in 2011. The yacht features an exterior design by Redman Whiteley Dixon and interiors by Remi Tessier. Gossip; one of Di Capris favourite yachts.";Ernesto Bertarelli;$250 million;;
Kismet;Lürssen;Motor Yacht;95.2;17;14;6000;28;2014;13.8;12;;Cayman Islands;Espen Øino;Reymond Langton Design;Kismet, a 95.2-meter motor yacht built by Lürssen and delivered in 2014, is known for its elegant design and luxurious amenities. Designed by Espen Øino with interiors by Reymond Langton Design, Kismet features a large swimming pool, a helipad, and extensive leisure facilities. The yacht offers an exquisite experience for her guests, combining style and performance.;Shahid Khan;$200 million;;
H3;Oceanco;Motor Yacht;95;18;14;5000;30;2001;14;12;2016;Cayman Islands;De Voogt Naval Architects;Rodney Black;H3 previously known as Lady Christine, is a 95-meter motor yacht built by Oceanco and delivered in 2001. The yacht features an exterior design by De Voogt Naval Architects and interiors by Rodney Black.;Waleed bin Ibrahim Al Ibrahim;$150 million;;
Madsummer;Lürssen;Motor Yacht;95;18;15;6000;32;2019;14;20;;Cayman Islands;Harrison Eidsgaard;Studio Laura Sessa;Madsummer is a 95-meter motor yacht built by Lürssen and delivered in 2019. The yacht features an exterior design by Harrison Eidsgaard and luxurious interiors by Studio Laura Sessa.;Jeffrey Soffer;$250 million;;
O'Pari;Golden Yachts Ltd.;Motor Yacht;95;18;14;5000;30;2020;13;12;;Malta;Studio Vafiadis;Studio Vafiadis;O'Pari is a 95-meter motor yacht built by Golden Yachts and delivered in 2020. The yacht features both exterior and interior designs by Studio Vafiadis.;Paris Dragnis;$200 million;;
Bliss;Feadship;Motor Yacht;94.8;18;14;5000;30;2021;14;12;;Cayman Islands;Sinot Yacht Architecture & Design;Sinot Yacht Architecture & Design;Bliss is a 94.8-meter motor yacht built by Feadship and delivered in 2021. The yacht features both exterior and interior designs by Sinot Yacht Architecture & Design.;Evan Spiegel;$200 million;;
Mayan Queen;Blohm + Voss;Motor Yacht;94;20;16;6000;40;2008;16;16;;Cayman Islands;Tim Heywood;Terence Disdale;Mayan Queen is a 94-meter motor yacht built by Blohm + Voss and delivered in 2008. The yacht features an exterior design by Tim Heywood and luxurious interiors by Terence Disdale.;Alberto Baillères;$180 million;;
Viva;Feadship;Motor Yacht;94;20;16;6000;34;2021;14;16;;Cayman Islands;Azure Naval Architects;Peter Marino;Viva is a 94-meter motor yacht built by Feadship and delivered in 2021. The yacht features an exterior design by Azure Naval Architects and luxurious interiors by Peter Marino.;Frank Fertitta III;$200 million;;
Lady S;Feadship;Motor Yacht;93;17;14;6000;33;2019;14.1;12;;Cayman Islands;Michael Leach Design;Reymond Langton Design;Lady S, a 93-meter motor yacht built by Feadship and delivered in 2019, is known for its elegant design and luxurious amenities. Designed by Michael Leach Design with interiors by Reymond Langton Design, Lady S features a large swimming pool, a helipad, and extensive leisure facilities. The yacht offers an exquisite experience for her guests, combining style and performance.;Dan Snyder;$180 million;;
Project Yasmin;Lürssen;Motor Yacht;93;18;15;6000;28;2021;14.5;18;;Cayman Islands;Harrison Eidsgaard;Harrison Eidsgaard;Project Yasmin, a 93-meter motor yacht built by Lürssen and delivered in 2021, is known for its innovative design and luxurious amenities. Designed by Harrison Eidsgaard, both exterior and interior, Project Yasmin features a large swimming pool, a helipad, and spacious guest accommodations. The yacht offers an exquisite experience for her guests, combining style and performance.;Fawaz Al Hokair;$180 million;;
Royal Romance;Feadship;Motor Yacht;92.5;17;14;5000;30;2015;14;14;;Cayman Islands;De Voogt Naval Architects;Seymour Diamond;Royal Romance is a 92.5-meter motor yacht built by Feadship and delivered in 2015. The yacht features an exterior design by De Voogt Naval Architects and luxurious interiors by Seymour Diamond.;Viktor Medvedchuk;$200 million;Croatian government;
Tatoosh;Nobiskrug;Motor Yacht;92.42;19;15;5000;30;2000;14.95;20;2010;Cayman Islands;Kusch Yachts;Terence Disdale;Tatoosh, a 92.42-meter motor yacht, was built by Nobiskrug and delivered in;Paul Allen estate;$160 million;;
Lionheart;Italy Benetti;Motor Yacht;92.4;18;15;4500;40;2016;14;12;;Cayman Islands;Stefano Natucci;Stefano Natucci;Lionheart is a 92.4-meter motor yacht built by Benetti and delivered in 2016. The yacht features both exterior and interior designs by Stefano Natucci.;Philip Green;$150 million;;
Tatoosh;Nobiskrug;Motor Yacht;92.4;19;15;5000;30;2000;14.95;20;2016;Cayman Islands;Kusch Yachts;Terence Disdale;Tatoosh, a 92.4-meter motor yacht built by Nobiskrug and delivered in 2000, is known for its elegant design and luxurious amenities. Designed by Kusch Yachts with interiors by Terence Disdale, Tatoosh features a large swimming pool, a helipad, and extensive leisure facilities. The yacht underwent a significant refit in 2016, enhancing its luxury and comfort.;Paul Allen estate;$160 million;;
Aquarius;Feadship;Motor Yacht;92;17;14;5500;31;2016;13.5;12;;Cayman Islands;Sinot Yacht Architecture & Design;Sinot Yacht Architecture & Design;Aquarius, a 92-meter motor yacht built by Feadship and delivered in 2016, is known for its elegant design and luxurious amenities. Designed by Sinot Yacht Architecture & Design, both exterior and interior, Aquarius features a large swimming pool, a helipad, and extensive leisure facilities. The yacht offers an exquisite experience for her guests, combining style and performance.;Steve Wynn;$150 million;;
Eclipse II;Blohm+Voss;Motor Yacht;92;20;16;5000;30;2023;15;18;;Bermuda;Tim Heywood;Reymond Langton Design;Eclipse II, a 92-meter motor yacht built by Blohm+Voss and delivered in 2023, is the successor to the original Eclipse. Designed by Tim Heywood with interiors by Reymond Langton Design, Eclipse II offers luxurious accommodations, advanced technology, and extensive leisure facilities, including a large swimming pool and a helicopter landing pad.;Alexander Dzhaparidze;$150 million;;
Queen Miri;Neorion;Motor Yacht;91.5;17;14;5000;36;2004;14;32;2016;Cayman Islands;Alpha Marine;Alpha Marine;Queen Miri is a 91.5-meter motor yacht built by Neorion and delivered in 2004. The yacht features both exterior and interior designs by Alpha Marine and underwent a major refit in 2016.;Estate of Sheldon Adelson;$125 million;;
Tranquility;Oceanco;Motor Yacht;91.5;18;14;5000;31;2014;14.2;26;2019;Cayman Islands;Oceanco;Winch Design;Tranquility is a 91.5-meter motor yacht built by Oceanco and delivered in 2014. The yacht features both exterior and interior designs by Winch Design and underwent a significant refit in 2019.;Genting Group;$150 million;;
Nahlin;John Brown & Company;Motor Yacht;91.4;17;14;4000;40;1930;13.5;26;2009;United Kingdom;G.L. Watson & Co.;G.L. Watson & Co.;Nahlin is a 91.4-meter motor yacht built by John Brown & Company and delivered in 1930. The yacht underwent a significant refit in 2009 and features both exterior and interior designs by G.L. Watson & Co.;Sir James Dyson;$150 million;;
Ice;Lürssen;Motor Yacht;91.1;18;14;6000;27;2005;15;14;2015;Cayman Islands;Tim Heywood;Terence Disdale;Ice is a 91.1-meter motor yacht built by Lürssen and delivered in 2005. The yacht features an exterior design by Tim Heywood and luxurious interiors by Terence Disdale. It underwent a significant refit in 2015.;Teodoro Nguema Obiang Mangue;$150 million;;
Lady Lara;Lürssen;Motor Yacht;91;18;14;6000;40;2015;14;20;;Cayman Islands;Reymond Langton Design;Reymond Langton Design;Lady Lara is a 91-meter motor yacht built by Lürssen and delivered in 2015. The yacht features both exterior and interior designs by Reymond Langton Design.;Alexander Mashkevitch;$180 million;;
Dubawi;Cantiere Navale Ferrari S.p.a.;Motor Yacht;90.6;16;12;5000;70;1989;14;44;2009;Cayman Islands;Platinum Yachts;Platinum Yachts;Dubawi is a 90.6-meter motor yacht built by Cantiere Navale Ferrari in 1989 and extensively refitted by Platinum Yachts in 2009. The yacht features both exterior and interior designs by Platinum Yachts.;Dubai royal family;$100 million;;
Dar;Oceanco;Motor Yacht;90.1;20;15;6000;30;2018;14.2;12;;Cayman Islands;Nuvolari Lenard;Nuvolari Lenard;Dar is a 90.1-meter motor yacht built by Oceanco and delivered in 2018. The yacht features both exterior and interior designs by Nuvolari Lenard.;Ziyad Manasir;$200 million;;
Ice;Lürssen;Motor Yacht;90.1;18;14;6000;27;2005;15;14;2015;Cayman Islands;Tim Heywood;Terence Disdale;Ice is a 91.1-meter motor yacht built by Lürssen and delivered in 2005. The yacht features an exterior design by Tim Heywood and luxurious interiors by Terence Disdale. It underwent a significant refit in 2015.;Teodoro Nguema Obiang Mangue;$150 million;;
Dar;Oceanco;Motor Yacht;90;20;15;6000;30;2018;14.2;12;;Cayman Islands;Nuvolari Lenard;Nuvolari Lenard;Dar is a 90.1-meter motor yacht built by Oceanco and delivered in 2018. The yacht features both exterior and interior designs by Nuvolari Lenard.;Ziyad Manasir;$200 million;;
DreAMBoat;Oceanco;Motor Yacht;90;17;14;5500;29;2019;14.2;23;;Cayman Islands;Espen Øino;Terence Disdale;DreAMBoat is a 90-meter motor yacht built by Oceanco and delivered in 2019. The yacht features an exterior design by Espen Øino and luxurious interiors by Terence Disdale.;Arthur Blank;$200 million;;
Lauren L;Cassens Werft;Motor Yacht;90;15;13;6000;45;2002;14.4;40;2008;Vanuatu;Cassens-Werft;Alpha Marine;Lauren L is a 90-meter motor yacht built by Cassens-Werft and delivered in 2002 with a refit in 2008. The yacht features both exterior and interior designs by Alpha Marine.;Igor Kolomoisky;$150 million;;
Phoenix 2;Lürssen;Motor Yacht;90;18;14;6000;28;2010;14;12;;Cayman Islands;Winch Design;Winch Design;Phoenix 2 is a 90-meter motor yacht built by Lürssen and delivered in 2010. The yacht features both exterior and interior designs by Winch Design.;Sebastian Kulczyk;$150 million;;
Here Comes The Sun;Amels Holland B.V.;Motor Yacht;89;17;14;5000;30;2016;14.5;18;2021;Cayman Islands;Tim Heywood;Winch Design;Here Comes The Sun is an 89-meter motor yacht built by Amels and delivered in 2016. The yacht features an exterior design by Tim Heywood and luxurious interiors by Winch Design. It underwent a significant refit in 2021.;Graeme Hart;$200 million;;
Barbara;Oceanco;Motor Yacht;88.5;19;14;6000;28;2017;14.4;12;;Marshall Islands;Sam Sorgiovanni;Sam Sorgiovanni;Barbara is an 88.5-meter motor yacht built by Oceanco and delivered in 2017. The yacht features both exterior and interior designs by Sam Sorgiovanni.;Alexander Mamut;$180 million;;
Cloud 9;Oceanco;Motor Yacht;88.5;20;15;6000;28;2017;14.5;12;;Cayman Islands;Andrew Winch;Zuretti Interior Design;Cloud 9 is an 88.5-meter motor yacht built by Oceanco and delivered in 2017. The yacht features an exterior design by Andrew Winch and luxurious interiors by Zuretti Interior Design.;Brett Blundy;$150 million;;
Illusion Plus;China Pride Mega Yachts;Motor Yacht;88.5;17;15;5000;25;2018;15.4;12;;Cayman Islands;Rainsford Saunders Design;Sinot Yacht Architecture & Design;Illusion Plus is an 88.5-meter motor yacht built by Pride Mega Yachts and delivered in 2018. The yacht features an exterior design by Rainsford Saunders Design and luxurious interiors by Sinot Yacht Architecture & Design.;Su Zhigang;$150 million;;
Nirvana;Oceanco;Motor Yacht;88.5;20;16;6000;27;2012;14.2;12;;Cayman Islands;Sam Sorgiovanni;Sam Sorgiovanni;Nirvana is an 88.5-meter motor yacht built by Oceanco and delivered in 2012. The yacht features both exterior and interior designs by Sam Sorgiovanni.;Vladimir Potanin;$200 million;;
Olivia O;Ulstein Group;Motor Yacht;88.5;14.5;12;6000;30;2020;16;20;;Cayman Islands;Espen Øino;Espen Øino;Olivia O is an 88.5-meter motor yacht built by Ulstein and delivered in 2020. The yacht features both exterior and interior designs by Espen Øino.;Eyal Ofer;$200 million;;
Zen;Feadship;Motor Yacht;88.4;16;14;4500;22;2021;14.2;12;;Cayman Islands;De Voogt Naval Architects;Sinot Yacht Architecture & Design;Zen is an 88.4-meter motor yacht built by Feadship and delivered in 2021. The yacht features an exterior design by De Voogt Naval Architects and luxurious interiors by Sinot Yacht Architecture & Design.;Wu Guangming;$160 million;;
Asean Lady;China Yantai Raffles;Motor Yacht;88.2;15;12;8000;23;2004;21;18;;Cayman Islands;Ian Mitchell;Ian Mitchell;Asean Lady is an 88.2-meter motor yacht built by Yantai Raffles and delivered in 2004. The yacht features both exterior and interior designs by Ian Mitchell.;Brian Chang;$100 million;;
Maltese Falcon;Perini Navi;Sailing Yacht;88;24;16;5000;18;2006;12.9;12;2016;Malta;Ken Freivokh;Ken Freivokh;Maltese Falcon is an 88-meter sailing yacht built by Perini Navi and delivered in 2006. The yacht features both exterior and interior designs by Ken Freivokh.;Elena Ambrosiadou;$150 million;;
Fountainhead;Feadship;Motor Yacht;87.8;20;14;6000;28;2011;14.2;12;;Cayman Islands;De Voogt Naval Architects;Sinot Yacht Architecture & Design;Fountainhead is an 87.8-meter motor yacht built by Feadship and delivered in 2011. The yacht features an exterior design by De Voogt Naval Architects and luxurious interiors by Sinot Yacht Architecture & Design.;Eddie Lampert;$150 million;;
Musashi;Feadship;Motor Yacht;87.8;21;16;6000;23;2011;14.3;12;;Cayman Islands;De Voogt Naval Architects;Sinot Yacht Architecture & Design;Musashi is an 87.8-meter motor yacht built by Feadship and delivered in 2011. The yacht features an exterior design by De Voogt Naval Architects and luxurious interiors by Sinot Yacht Architecture & Design.;Larry Ellison;$150 million;;
Arctic P;Schichau Unterweser AG;Motor Yacht;87.6;18;15;15000;25;1989;14;12;2005;Cayman Islands;Schichau Unterweser AG;Bannenberg & Rowell Design;Arctic P is an 87.6-meter motor yacht built by Schichau Unterweser AG and delivered in 1989. The yacht features both exterior and interior designs by Bannenberg & Rowell Design.;James Packer;$150 million;;
Ace;Lürssen;Motor Yacht;87;17;14;6000;30;2012;14.3;10;;Cayman Islands;Winch Design;Winch Design;Ace is an 87-meter motor yacht built by Lürssen and delivered in 2012. The yacht features both exterior and interior designs by Winch Design.;Samvel Karapetyan;$150 million;;
Avantage;Lürssen;Motor Yacht;87;18;14;6000;30;2020;14.4;12;;Cayman Islands;Winch Design;Winch Design;Avantage is an 87-meter motor yacht built by Lürssen and delivered in 2020. The yacht features both exterior and interior designs by Winch Design.;Bulat Utemuratov;$180 million;;
Lonian;Feadship;Motor Yacht;87;18;14;5000;27;2018;14;12;;Cayman Islands;Sinot Yacht Architecture & Design;Richard Hallberg;Lonian is an 87-meter motor yacht built by Feadship and delivered in 2018. The yacht features an exterior design by Sinot Yacht Architecture & Design and luxurious interiors by Richard Hallberg.;Lorenzo Fertitta;$160 million;;
Quattroelle;Lürssen;Motor Yacht;86.1;18;14;6000;29;2013;14.4;12;;Cayman Islands;Nuvolari Lenard;Nuvolari Lenard;Quattroelle is an 86.1-meter motor yacht built by Lürssen and delivered in 2013. The yacht features both exterior and interior designs by Nuvolari Lenard.;Majid Al Futtaim;$170 million;;
Aquijo;Oceanco;Sailing Yacht;86;17.5;14;6000;17;2016;14.5;12;;Cayman Islands;Tripp Design Naval Architects;Dölker + Voges Design;Aquijo is an 86-meter sailing yacht built by Oceanco and delivered in 2016. The yacht features an exterior design by Tripp Design Naval Architects and luxurious interiors by Dölker + Voges Design.;Kjell Inge Røkke;$150 million;;
Chakra;Scheepswerf Gebr. van der Werf;Motor Yacht;86;15;12;5000;30;1963;12.5;26;2016;Saint Vincent and the Grenadines;Scheepswerf Gebr. van der Werf;Scheepswerf Gebr. van der Werf;Chakra is an 86-meter motor yacht built by Scheepswerf Gebr. van der Werf and delivered in 1963. The yacht features both exterior and interior designs by Scheepswerf Gebr. van der Werf.;Unknown;$80 million;;
Ecstasea;Feadship;Motor Yacht;86;30;25;4000;27;2004;11.5;14;;Cayman Islands;Terence Disdale;Terence Disdale;Ecstasea is an 86-meter motor yacht built by Feadship and delivered in 2004. The yacht features both exterior and interior designs by Terence Disdale.;Alshair Fiyaz;$200 million;;
Kingdom 5KR;Benetti;Motor Yacht;86;20;14;8000;31;1980;13.6;22;1993;Cayman Islands;Luigi Sturchio;Luigi Sturchio;Kingdom 5KR is an 86-meter motor yacht built by Benetti and delivered in 1980. The yacht features both exterior and interior designs by Luigi Sturchio and underwent a significant refit in 1993.;Al-Waleed bin Talal;$100 million;;
Man of Steel;Oceanco;Motor Yacht;86;18;14;6000;27;2011;14.2;12;;Cayman Islands;Nuvolari Lenard;Nuvolari Lenard;Man of Steel is an 86-meter motor yacht built by Oceanco and delivered in 2011. The yacht features both exterior and interior designs by Nuvolari Lenard.;Barry Zekelman;$150 million;;
Aquila;Derecktor Shipyards;Motor Yacht;85.6;17;15;5000;28;2010;14.3;12;2016;Cayman Islands;Tim Heywood;Dalton Designs;Aquila is an 85.6-meter motor yacht built by Derecktor Shipyards and delivered in 2010. The yacht features an exterior design by Tim Heywood and luxurious interiors by Dalton Designs.;Ann Walton Kroenke;$150 million;;
Amore Vero;Oceanco;Motor Yacht;85.5;20;15;6000;28;2013;14.2;14;;Cayman Islands;Sam Sorgiovanni;Alberto Pinto;Amore Vero is an 85.5-meter motor yacht built by Oceanco and delivered in 2013. The yacht features an exterior design by Sam Sorgiovanni and luxurious interiors by Alberto Pinto.;Igor Sechin;$200 million;French government;
Sunrays;Oceanco;Motor Yacht;85.5;18;14;6000;30;2010;14.2;22;;Cayman Islands;Bjorn Johansson;Terence Disdale;Sunrays is an 85.5-meter motor yacht built by Oceanco and delivered in 2010. The yacht features an exterior design by Bjorn Johansson and luxurious interiors by Terence Disdale.;Ravi Ruia;$200 million;;
Vibrant Curiosity;Oceanco;Motor Yacht;85.47;20;15;5000;27;2009;14.2;14;;Cayman Islands;Nuvolari Lenard;Nuvolari Lenard;Vibrant Curiosity is an 85.5-meter motor yacht built by Oceanco and delivered in 2009. The yacht features both exterior and interior designs by Nuvolari Lenard.;Reinhold Würth;$150 million;;
Moonlight II;Neorion;Motor Yacht;85.3;17;14;5000;34;2005;14.4;36;;Cayman Islands;Alpha Marine;Alpha Marine;Moonlight II is an 85.3-meter motor yacht built by Neorion and delivered in 2005. The yacht features both exterior and interior designs by Alpha Marine.;Sultan bin Khalifa Al Nahyan;$150 million;;
Pacific;Lürssen;Motor Yacht;85.2;20;16;6000;28;2010;14.2;12;;Cayman Islands;German Frers;Bannenberg & Rowell Design;Pacific is an 85.2-meter motor yacht built by Lürssen and delivered in 2010. The yacht features an exterior design by German Frers and luxurious interiors by Bannenberg & Rowell Design.;Leonid Mikhelson;$200 million;;
Solandge;Lürssen;Motor Yacht;85.1;17;14;6000;29;2013;14.2;12;;Cayman Islands;Espen Øino;Aileen Rodriguez;Solandge is an 85.1-meter motor yacht built by Lürssen and delivered in 2013. The yacht features an exterior design by Espen Øino and luxurious interiors by Aileen Rodriguez.;Crown Prince Muqrin bin Abdulaziz;$200 million;;
Valerie;Lürssen;Motor Yacht;85.1;17;14;5000;30;2011;14.3;12;2019;Cayman Islands;Espen Øino;Reymond Langton Design;Valerie is an 85.1-meter motor yacht built by Lürssen and delivered in 2011. The yacht features an exterior design by Espen Øino and luxurious interiors by Reymond Langton Design.;Yuriy Kosiuk;$180 million;Spanish government;
Areti;Lürssen;Motor Yacht;85;17;14;5000;28;2017;14;18;;Cayman Islands;Winch Design;Winch Design;Areti is an 85-meter motor yacht built by Lürssen and delivered in 2017. The yacht features both exterior and interior designs by Winch Design.;Igor Makarov;$150 million;;
Bold;SilverYachts;Motor Yacht;85;23;18;5000;20;2019;11;16;;Cayman Islands;SilverYachts;SilverYachts;Bold is an 85-meter motor yacht built by SilverYachts and delivered in 2019. The yacht features both exterior and interior designs by SilverYachts.;Guido Krass;$100 million;;
O'Ptasia;Golden Yachts Ltd.;Motor Yacht;85;18;14;6000;26;2018;13.8;12;;Cayman Islands;Studio Vafiadis;Studio Vafiadis;O'Ptasia is an 85-meter motor yacht built by Golden Yachts Ltd. and delivered in 2018. The yacht features both exterior and interior designs by Studio Vafiadis.;Paris Dragnis;$150 million;;
Valerie;Lürssen;Motor Yacht;85;17;14;5000;30;2011;14.3;12;2019;Cayman Islands;Espen Øino;Reymond Langton Design;Valerie is an 85.1-meter motor yacht built by Lürssen and delivered in 2011. The yacht features an exterior design by Espen Øino and luxurious interiors by Reymond Langton Design.;Yuriy Kosiuk;$180 million;Spanish government;
Victorious;Akyacht;Motor Yacht;85;17;14;14000;24;2021;14;24;;Cayman Islands;Michael Leach Design;H2 Yacht Design;Victorious is an 85-meter motor yacht built by Akyacht and delivered in 2021. The yacht features an exterior design by Michael Leach Design and interiors by H2 Yacht Design.;Vural Ak;$150 million;;
White Rabbit;Echo Yachts;Motor Yacht;84;18;16;5000;30;2018;19.6;30;;Cayman Islands;Sam Sorgiovanni;Sam Sorgiovanni;White Rabbit is an 84-meter motor yacht built by Echo Yachts and delivered in 2018. The yacht features both exterior and interior designs by Sam Sorgiovanni.;Goh Cheng Liang;$200 million;;
Savannah;Feadship;Motor Yacht;83.5;17;15;6000;26;2015;12.5;12;;Cayman Islands;CG Design;CG Design;Savannah is an 83.5-meter motor yacht built by Feadship and delivered in 2015. The yacht features both exterior and interior designs by CG Design.;Lukas H. Lundin;$150 million;;
O'Mega;Mitsubishi Heavy Industries;Motor Yacht;82.5;17;14;4500;28;1987;11.6;30;2015;Greece;Studio Vafiadis;Studio Vafiadis;O'Mega is an 82.5-meter motor yacht built by Mitsubishi Heavy Industries and delivered in 1987. The yacht features both exterior and interior designs by Studio Vafiadis.;Paris Dragnis;$100 million;;
Secret;Abeking & Rasmussen;Motor Yacht;82.3;16;14;5000;23;2013;12.4;12;;Cayman Islands;Sam Sorgiovanni;Jim Harris;Secret is an 82.5-meter motor yacht built by Abeking & Rasmussen and delivered in 2013. The yacht features an exterior design by Sam Sorgiovanni and luxurious interiors by Jim Harris.;Nancy Walton Laurie;$150 million;;
Alfa Nero;Oceanco;Motor Yacht;82;20;15;6000;28;2007;14.2;12;2013;Cayman Islands;Nuvolari Lenard;Alberto Pinto;Alfa Nero is an 82-meter motor yacht built by Oceanco and delivered in 2007. The yacht features an exterior design by Nuvolari Lenard and luxurious interiors by Alberto Pinto.;Theodore Angelopoulos;$150 million;;
Basrah Breeze;Helsingør Værft;Motor Yacht;82;20;16;5000;35;1981;13.6;28;;Iraq;Helsingør Værft;Helsingør Værft;Basrah Breeze is an 82-meter motor yacht built by Helsingør Værft and delivered in 1981. The yacht features both exterior and interior designs by Helsingør Værft.;Government of Iraq;$100 million;;
Ilona;Amels Holland B.V.;Motor Yacht;82;18;14;5000;28;2004;14.2;12;2012;Cayman Islands;Redman Whiteley Dixon;Redman Whiteley Dixon;Ilona is an 82-meter motor yacht built by Amels Holland B.V. and delivered in 2004. The yacht features both exterior and interior designs by Redman Whiteley Dixon.;Frank Lowy;$150 million;;
Kosatka;Blohm + Voss;Motor Yacht;82;18;14;6000;30;2014;14.5;12;;Cayman Islands;Tim Heywood;H2 Yacht Design;Kosatka is an 82-meter motor yacht built by Blohm + Voss and delivered in 2014. The yacht features an exterior design by Tim Heywood and luxurious interiors by H2 Yacht Design.;JSC Argument;$160 million;;
RoMEA;Abeking & Rasmussen;Motor Yacht;82;16;14;6000;23;2015;14;12;;Cayman Islands;Terence Disdale;Terence Disdale;RoMEA, an 82-meter motor yacht built by Abeking & Rasmussen and delivered in 2015, is known for its elegant design and luxurious amenities. Designed by Terence Disdale, both exterior and interior, RoMEA features a large swimming pool, a helipad, and extensive leisure facilities. The yacht offers an exquisite experience for her guests, combining style and performance.;Alexander Svetakov;$150 million;;
Sarafsa;Devonport;Motor Yacht;82;16;14;5000;30;2008;14.6;14;;Cayman Islands;Andrew Winch;Andrew Winch;Sarafsa is an 82-meter motor yacht built by Devonport Yachts and delivered in 2008. The yacht features both exterior and interior designs by Andrew Winch.;Fahd bin Sultan Al Saud;$150 million;;
Romea;Abeking & Rasmussen;Motor Yacht;81.8;16;14;5000;30;2015;14.6;12;;Cayman Islands;Terence Disdale;Terence Disdale;Romea is an 81.8-meter motor yacht built by Abeking & Rasmussen and delivered in 2015. The yacht features both exterior and interior designs by Terence Disdale.;Alexander Nesis;$170 million;;
Air;Feadship;Motor Yacht;81;17;14;5000;21;2011;11.5;12;2018;Cayman Islands;De Voogt Naval Architects;Remi Tessier;Air, an 81-meter motor yacht built by Feadship and delivered in 2011, is known for its elegant design and luxurious amenities. Designed by De Voogt Naval Architects with interiors by Remi Tessier, Air features a large swimming pool, a helipad, and spacious guest accommodations. The yacht underwent a significant refit in 2018, enhancing its luxury and comfort.;;;;
Grace;Abeking & Rasmussen;Motor Yacht;81;16;14;4000;20;2014;12.8;12;;Cayman Islands;Terence Disdale;Terence Disdale;Grace is an 81-meter motor yacht built by Abeking & Rasmussen and delivered in 2014. The yacht features both exterior and interior designs by Terence Disdale.;John Reece;$140 million;;
Golden Odyssey II;Blohm + Voss;Motor Yacht;80.2;18;15;6000;30;1990;13.8;12;;Cayman Islands;Martin Francis;Alberto Pinto;Golden Odyssey II is an 80.2-meter motor yacht built by Blohm + Voss and delivered in 1990. The yacht features an exterior design by Martin Francis and luxurious interiors by Alberto Pinto.;Khalid bin Sultan Al Saud;$150 million;;
HNoMY Norge;Camper and Nicholsons;Motor Yacht;80.2;16;14;4000;18;1937;11.6;14;2012;Norway;Charles Nicholson;Charles Nicholson;HNoMY Norge is an 80.2-meter motor yacht built by Camper and Nicholsons and delivered in 1937. The yacht features both exterior and interior designs by Charles Nicholson.;Harald V of Norway;$100 million;;
Talitha;Germaniawerft;Motor Yacht;80.2;15;12;5000;18;1929;11.6;12;1994;Cayman Islands;Cox & Stevens;Jon Bannenberg;Talitha is an 80.2-meter motor yacht built by Germaniawerft and delivered in 1929. The yacht features an exterior design by Cox & Stevens and luxurious interiors by Jon Bannenberg.;Mark Getty;$100 million;;
Aalto;Oceanco;Motor Yacht;80;18;15;5000;25;2006;12.5;12;;Cayman Islands;Tim Heywood;Alberto Pinto;Aalto is an 80-meter motor yacht built by Oceanco and delivered in 2006. The yacht features an exterior design by Tim Heywood and luxurious interiors by Alberto Pinto.;Lakshmi Mittal;$150 million;;
Artefact;Nobiskrug;Motor Yacht;80;17;15;6000;24;2020;14.6;12;;Cayman Islands;Gregory C. Marshall;Reymond Langton Design;Artefact is an 80-meter motor yacht built by Nobiskrug and delivered in 2020. The yacht features an exterior design by Gregory C. Marshall and luxurious interiors by Reymond Langton Design.;Mike Lazaridis;$150 million;;
Chopi Chopi;CRN Spa;Motor Yacht;80;16;14;5000;30;2013;13.5;12;;Cayman Islands;Zuccon International Project;Laura Sessa;Chopi Chopi is an 80-meter motor yacht built by CRN Spa and delivered in 2013. The yacht features an exterior design by Zuccon International Project and luxurious interiors by Laura Sessa.;Taha Mikati;$150 million;;
Constellation;Oceanco;Motor Yacht;80;20;16;6000;30;1999;13.5;18;;Cayman Islands;The A Group;The A Group;Constellation is an 80-meter motor yacht built by Oceanco and delivered in 1999. The yacht features both exterior and interior designs by The A Group.;Hamad bin Khalifa Al Thani;$150 million;;
Elements;Yachtley;Motor Yacht;80;18;15;5000;28;2019;12.5;12;;Cayman Islands;Yachtley;Cristiano Gatto Design Team;Elements is an 80-meter motor yacht built by Yachtley and delivered in 2019. The yacht features an exterior design by Yachtley and luxurious interiors by Cristiano Gatto Design Team.;Fahad al-Athel;$160 million;;
Excellence;Abeking & Rasmussen;Motor Yacht;80;17;14;5500;21;2019;12.5;14;;Cayman Islands;Winch Design;Winch Design;Excellence is an 80-meter motor yacht built by Abeking & Rasmussen and delivered in 2019. The yacht features both exterior and interior designs by Winch Design.;Herb Chambers;$150 million;;
Tatiana;Bilgin Yachts;Motor Yacht;80;19;15;5000;30;2020;12.2;12;;Cayman Islands;Unique Yacht Design;H2 Yacht Design;Tatiana is an 80-meter motor yacht built by Bilgin Yachts and delivered in 2020. The yacht features an exterior design by Unique Yacht Design and luxurious interiors by H2 Yacht Design.;Cyrus Pallonji Mistry;$160 million;;
Titan;Abeking & Rasmussen;Motor Yacht;80;16;14;4000;20;2010;12.6;12;;Cayman Islands;Reymond Langton Design;Reymond Langton Design;Titan is an 80-meter motor yacht built by Abeking & Rasmussen and delivered in 2010. The yacht features both exterior and interior designs by Reymond Langton Design.;Alexander Abramov;$150 million;;
Yasmine of The Sea;Netherlands Oceanco;Motor Yacht;80;20;16;6000;28;2001;13.5;16;;Cayman Islands;The A Group;The A Group;Yasmine of The Sea is an 80-meter motor yacht built by Oceanco and delivered in 2001. The yacht features both exterior and interior designs by The A Group.;Sheikh Abdullah Al Thani;$160 million;;
Hampshire II;Feadship;Motor Yacht;78.5;16;14;5500;24;2012;14;12;;Cayman Islands;Redman Whiteley Dixon;Redman Whiteley Dixon;Hampshire II, a 78.5-meter motor yacht built by Feadship and delivered in 2012, is known for its elegant design and luxurious amenities. Designed by Redman Whiteley Dixon, both exterior and interior, Hampshire II features a large swimming pool, a helipad, and extensive leisure facilities. The yacht offers an exquisite experience for her guests, combining style and performance.;;;;
Eminence;Abeking & Rasmussen;Motor Yacht;78.43;16;14;5000;24;2008;12.4;12;2018;Cayman Islands;Reymond Langton Design;Reymond Langton Design;Eminence, a 78.43-meter motor yacht built by Abeking & Rasmussen and delivered in 2008, is known for its elegant design and luxurious amenities. Designed by Reymond Langton, both exterior and interior, Eminence features a large swimming pool, a helipad, and extensive leisure facilities. The yacht underwent a significant refit in 2018, enhancing its luxury and comfort.;Bruce Grossman;$80 million;;
Smeralda;Hanseatic Marine;Motor Yacht;77;20;14;4500;20;2012;12.2;12;;Cayman Islands;Espen Øino;Vain Interiors;Smeralda, a 77-meter motor yacht built by Hanseatic Marine and delivered in 2012, is known for its sleek design and luxurious amenities. Designed by Espen Øino with interiors by Vain Interiors, Smeralda features a large swimming pool, a helipad, and extensive leisure facilities. The yacht offers a perfect blend of style and performance.;Guido Krass;$100 million;;
Anastasia;Oceanco;Motor Yacht;75.5;18;15;5000;20;2008;13.4;12;2018;Cayman Islands;Sam Sorgiovanni;Sam Sorgiovanni;Anastasia, a 75.5-meter motor yacht built by Oceanco and delivered in 2008, is known for its elegant design and luxurious amenities. Designed by Sam Sorgiovanni, both exterior and interior, Anastasia features a large swimming pool, a helipad, and extensive leisure facilities. The yacht underwent a significant refit in 2018, enhancing its luxury and comfort.;Vladimir Potanin;$100 million;;
Arrow;Feadship;Motor Yacht;75;17;14;5500;19;2020;12.5;12;;Cayman Islands;H2 Yacht Design;H2 Yacht Design;Arrow, a 75-meter motor yacht built by Feadship and delivered in 2020, is renowned for its elegant design and luxurious amenities. Designed by H2 Yacht Design, both exterior and interior, Arrow features a large swimming pool, a helipad, and spacious guest accommodations. The yacht offers an exquisite experience for its guests, combining style and performance.;Michael Fux;$120 million;;
Elandess;Abeking & Rasmussen;Motor Yacht;74.5;18;14;5000;24;2018;12.8;12;;Cayman Islands;Harrison Eidsgaard;Harrison Eidsgaard;Elandess, a 74.5-meter motor yacht built by Abeking & Rasmussen and delivered in 2018, is known for its sleek design and luxurious amenities. Designed by Harrison Eidsgaard, both exterior and interior, Elandess features a large swimming pool, a unique glass-bottom lounge, and spacious guest accommodations. The yacht offers an exquisite experience for her guests, combining style and performance.;Trond Mohn;$100 million;;
Cloud 9;CRN;Motor Yacht;74;20;15;6000;28;2017;14.5;12;;Cayman Islands;Andrew Winch;Zuretti Interior Design;Cloud 9 is an 88.5-meter motor yacht built by Oceanco and delivered in 2017. The yacht features an exterior design by Andrew Winch and luxurious interiors by Zuretti Interior Design.;Brett Blundy;$150 million;;
Dream;Abeking & Rasmussen;Motor Yacht;74;17;14;5000;22;2013;12.8;12;2018;Cayman Islands;Espen Øino;Bannenberg & Rowell;Dream, a 74-meter motor yacht built by Abeking & Rasmussen and delivered in 2013, is known for its elegant design and luxurious amenities. Designed by Espen Øino with interiors by Bannenberg & Rowell, Dream features a large swimming pool, a helipad, and extensive leisure facilities. The yacht underwent a significant refit in 2018, enhancing its luxury and comfort.;Patrick Dovigi;$160 million;;
Dragonfly;Silver Yachts;Motor Yacht;73.5;27;20;4500;16;2009;10.2;12;2014;Marshall Islands;Espen Øino;Silvestrin Design;Dragonfly, a 73.5-meter motor yacht built by Silver Yachts and delivered in 2009, is known for its sleek design and high-speed performance. Designed by Espen Øino with interiors by Silvestrin Design, Dragonfly features a large swimming pool, a helipad, and extensive leisure facilities. The yacht underwent a significant refit in 2014, enhancing its luxury and comfort.;Sergey Brin;$80 million;;
Odessa II;Nobiskrug;Motor Yacht;73.2;17;14;5000;20;2013;12.8;12;;Cayman Islands;H2 Yacht Design;H2 Yacht Design;Odessa II, a 73.2-meter motor yacht built by Nobiskrug and delivered in 2013, is known for its sleek design and luxurious amenities. Designed by H2 Yacht Design, both exterior and interior, Odessa II features a large swimming pool, a helipad, and extensive leisure facilities. The yacht offers an exquisite experience for her guests, combining style and performance.;Leonard Blavatnik;$90 million;;
Grace E;Perini Navi;Motor Yacht;73;16.5;14;7000;20;2014;13.2;12;;Cayman Islands;Philippe Briand;Remi Tessier;Grace E, a 73-meter motor yacht built by Perini Navi and delivered in 2014, is known for its elegant design and luxurious amenities. Designed by Philippe Briand with interiors by Remi Tessier, Grace E features a spa, a gym, and spacious guest accommodations. The yacht offers an exquisite charter experience with top-notch service and comfort.;Ken Griffin;$100 million;;
Cloudbreak;Abeking & Rasmussen;Motor Yacht;72.5;15;12;8000;22;2016;12.8;12;;Cayman Islands;Espen Øino;Christian Liaigre;Cloudbreak, a 72.5-meter motor yacht built by Abeking & Rasmussen and delivered in 2016, is known for its robust design and exploration capabilities. Designed by Espen Øino with interiors by Christian Liaigre, Cloudbreak features luxurious accommodations, a helipad, and extensive leisure facilities, making it ideal for adventurous charters.;Alexander Svetakov;$100 million;;
Axioma;Dunya Yachts;Motor Yacht;72;17;14;5000;20;2013;13.9;12;2016;Malta;Sterling Scott;Alberto Pinto;Axioma, a 72-meter motor yacht built by Dunya Yachts and delivered in 2013, is known for its luxurious and spacious design. Designed by Sterling Scott with interiors by Alberto Pinto, Axioma features a large swimming pool, a beach club, and various leisure facilities. The yacht underwent a refit in 2016, enhancing its luxurious amenities and comfort.;Dmitry Pumpyansky;$70 million;;
Kogo;Alstom Leroux Naval;Motor Yacht;71.71;16;14;4500;21;2006;13.5;12;2016;Cayman Islands;Tim Heywood;Terence Disdale;Kogo, a 71.71-meter motor yacht built by Alstom Leroux Naval and delivered in 2006, is known for its elegant design and luxurious amenities. Designed by Tim Heywood with interiors by Terence Disdale, Kogo features a large swimming pool, a helipad, and spacious guest accommodations. The yacht underwent a significant refit in 2016, enhancing its luxury and comfort.;Mansour Ojjeh;$150 million;;
Utopia;Feadship;Motor Yacht;71.6;16;14;5000;17;2004;11.4;12;2013;Cayman Islands;De Voogt Naval Architects;Redman Whiteley Dixon;Utopia, a 71.6-meter motor yacht built by Feadship and delivered in 2004, is known for its elegant design and luxurious amenities. Designed by De Voogt Naval Architects with interiors by Redman Whiteley Dixon, Utopia features a large swimming pool, a helipad, and spacious guest accommodations. The yacht underwent a significant refit in 2013, enhancing its luxury and comfort.;Laurent Dassault;$150 million;;
Martha Ann;Lürssen;Motor Yacht;70.2;15.5;14;6000;20;2008;12.8;12;2016;Cayman Islands;Espen Øino;Zuretti Interior Design;Martha Ann, a 70.2-meter motor yacht built by Lürssen and delivered in 2008, is known for its elegant design and luxurious amenities. Designed by Espen Øino with interiors by Zuretti Interior Design, Martha Ann features a large swimming pool, a helipad, and extensive leisure facilities. The yacht underwent a significant refit in 2016, enhancing its luxury and comfort.;;;;
Lady Christine;Feadship;Motor Yacht;68;16;14;4500;20;2010;12.5;12;2015;Isle of Man;De Voogt Naval Architects;Rodney Black Design;Lady Christine, a 68-meter motor yacht built by Feadship and delivered in 2010, is known for its elegant design and luxurious amenities. Designed by De Voogt Naval Architects with interiors by Rodney Black Design, Lady Christine features a large swimming pool, a helipad, and spacious guest accommodations. The yacht underwent a significant refit in 2015, enhancing its luxury and comfort.;Lord Irvine Laidlaw;$50 million;;
Icon;Icon Yachts;Motor Yacht;67.5;16;14;6000;17;2010;11.4;14;2014;Cayman Islands;Redman Whiteley Dixon;Studio Linse;Icon, a 67.5-meter motor yacht built by Icon Yachts and delivered in 2010, is known for its sleek design and luxurious amenities. Designed by Redman Whiteley Dixon with interiors by Studio Linse, Icon features a large swimming pool, a beach club, and spacious guest accommodations. The yacht underwent a significant refit in 2014, enhancing its luxury and comfort.;Ian Malouf;$75 million;;
Okto;ISA Yachts;Motor Yacht;66.4;18.5;16.5;6800;17;2014;10.8;12;;Malta;Andrea Vallicelli;Alberto Pinto;Okto, a 66.4-meter motor yacht built by ISA Yachts and delivered in 2014, is known for its sleek design and luxurious amenities. Designed by Andrea Vallicelli with interiors by Alberto Pinto, Okto features a large swimming pool, a helipad, and spacious guest accommodations. The yacht offers an exquisite experience for her guests, combining style and performance.;Samih Sawiris;$50 million;;
Luna B;Oceanco;Motor Yacht;66;17;14;4500;20;2005;11.9;12;2017;Cayman Islands;Oceanco;Alberto Pinto;Luna B, a 66-meter motor yacht built by Oceanco and delivered in 2005, is known for its sleek design and luxurious amenities. Designed by Oceanco with interiors by Alberto Pinto, Luna B features a large swimming pool, a helipad, and spacious guest accommodations. The yacht underwent a significant refit in 2017, enhancing its luxury and comfort.;Eugenio Lopez;$90 million;;
Irimari;Sunrise Yachts;Motor Yacht;63.1;17;14;6000;18;2015;11.5;12;;Cayman Islands;Espen Øino;Focus Yacht Design;Irimari, a 63.1-meter motor yacht built by Sunrise Yachts and delivered in 2015, is known for its sleek design and luxurious amenities. Designed by Espen Øino with interiors by Focus Yacht Design, Irimari features a large swimming pool, a helipad, and extensive leisure facilities. The yacht offers an exquisite experience for her guests, combining style and performance.;Abraham Shrem;$120 million;;
Baton Rouge;Icon Yachts;Motor Yacht;62.5;16;14;4800;15;2010;12.3;14;2016;Isle of Man;Tim Heywood;Redman Whiteley Dixon;Baton Rouge, a 62.5-meter motor yacht built by Icon Yachts and delivered in 2010, is known for its elegant design and luxurious amenities. Designed by Tim Heywood with interiors by Redman Whiteley Dixon, Baton Rouge features a large swimming pool, a helipad, and spacious guest accommodations. The yacht underwent a significant refit in 2016, enhancing its luxury and comfort.;George Economou;$100 million;;
Arkley;Lürssen;Motor Yacht;60;17;14;4000;15;2009;12.8;12;2014;Isle of Man;Espen Øino;Mark Berryman;Arkley, a 60-meter motor yacht built by Lürssen and delivered in 2009, is known for its elegant design and luxurious amenities. Designed by Espen Øino with interiors by Mark Berryman, Arkley features a large swimming pool, a helipad, and spacious guest accommodations. The yacht underwent a significant refit in 2014, enhancing its luxury and comfort.;C. Michael West;$70 million;;
Elysian;Abeking & Rasmussen;Motor Yacht;60;16;14;4500;15;2014;12.8;12;2019;Cayman Islands;Donald Starkey Designs;Bannenberg & Rowell Design;Elysian, a 60-meter motor yacht built by Abeking & Rasmussen and delivered in 2014, is known for its sleek design and luxurious amenities. Designed by Donald Starkey with interiors by Bannenberg & Rowell, Elysian features a large swimming pool, a helipad, and extensive leisure facilities. The yacht underwent a significant refit in 2019, enhancing its luxury and comfort.;John A. Paulson;$110 million;;
Excellence V;Abeking & Rasmussen;Motor Yacht;60;16;14;4500;15;2012;12.8;12;;Cayman Islands;Reymond Langton Design;Reymond Langton Design;Excellence V, a 60-meter motor yacht built by Abeking & Rasmussen and delivered in 2012, is known for its elegant design and luxurious amenities. Designed by Reymond Langton, both exterior and interior, Excellence V features a large swimming pool, a helipad, and extensive leisure facilities. The yacht offers an exquisite experience for her guests.;;;;
Slipstream;CMN Yachts;Motor Yacht;60;15;13;4000;15;2009;11;12;2015;Cayman Islands;Andrew Winch;Andrew Winch;Slipstream, a 60-meter motor yacht built by CMN Yachts and delivered in 2009, is known for its sleek design and luxurious amenities. Designed by Andrew Winch, both exterior and interior, Slipstream features a large swimming pool, a helipad, and extensive leisure facilities. The yacht underwent a significant refit in 2015, enhancing its luxury and comfort.;;;;
Skyfall;Trinity Yachts;Motor Yacht;58.22;21;12;4000;14;2010;10.4;12;2018;Cayman Islands;Geoff Van Aller;Patrick Knowles;Skyfall a 58.22-meter motor yacht built by Trinity Yachts and delivered in 2010, is known for its sleek design and high-speed performance. Designed by Geoff Van Aller with interiors by Patrick Knowles, Skyfall features a large swimming pool, a helipad, and extensive leisure facilities. The yacht underwent a significant refit in 2018, enhancing its luxury and comfort.;John Staluppi;$50 million;;
The Wellesley;Oceanco;Motor Yacht;56;15.5;13;5000;12;1993;10.4;12;2016;Isle of Man;Gerhard Gilgenast;Donald Starkey Designs;The Wellesley a 56-meter motor yacht built by Oceanco and delivered in 1993, is known for its classic design and luxurious amenities. Designed by Gerhard Gilgenast with interiors by Donald Starkey Designs, The Wellesley features a large swimming pool, a helipad, and spacious guest accommodations. The yacht underwent a significant refit in 2016, enhancing its luxury and comfort.;Khalid Affara;$80 million;;
Forever One;ISA Yachts;Motor Yacht;54.7;17;13;4200;13;2014;10.2;12;;Cayman Islands;Horacio Bozzo Design;Studio Massari;Forever One a 54.7-meter motor yacht built by ISA Yachts and delivered in 2014, is known for its elegant design and luxurious amenities. Designed by Horacio Bozzo with interiors by Studio Massari, Forever One features a large swimming pool, a beach club, and spacious guest accommodations. The yacht offers an exquisite experience for her guests, combining style and comfort.;Elizabeth Hurley;$80 million;;
MySky;Heesen Yachts;Motor Yacht;51;15.6;12;5400;13;2014;9;12;;Cayman Islands;Omega Architects;Erick van Egeraat;MySky a 51-meter motor yacht built by Heesen Yachts and delivered in 2014, is known for its elegant design and luxurious amenities. Designed by Omega Architects with interiors by Erick van Egeraat, MySky features a large swimming pool, a helipad, and spacious guest accommodations. The yacht offers an exquisite experience for her guests, combining style and comfort.;Igor Makarov;$50 million;;
La Pellegrina;Couach Yachts;Motor Yacht;50;25;20;4000;12;2012;9.3;12;;Malta;Couach Yachts;JP - Fantini Design;La Pellegrina a 50-meter motor yacht built by Couach Yachts and delivered in 2012, is known for its sleek design and high-speed performance. Designed by Couach Yachts with interiors by JP - Fantini Design, La Pellegrina features a large swimming pool, a helipad, and extensive leisure facilities. The yacht offers an exquisite experience for her guests, combining style and performance.;Anil Ambani;$100 million;;
Black Shiver 220;Nova Marine;Motor Yacht;22;42;34;-;2;2011;5.90;2;-;Italy;-;-;The Black Shiver 220 is a a mix of luxury and performance custom built by her owner: huge sundecks, large seats, a single owner's cabin with ensuite bathroom, kitchen, a crew independent cabin.;;$3 million;;black_shiver
Miss;Götlaborg;Motor Yacht;9;12;10;40;1;1980;4;8;2014;Hornö;-;-;;Erik Mustad;Priceless;Carl Mustad;miss
Venus;Feadship;Motor Yacht;78.2;-;12;-;11;2012;11.8;-;-;Cayman Islands;Philippe Starck;Philippe Starck;Venus is a motor yacht with an overall length of 782 m. The yacht's builder is Feadship from The Netherlands, who launched Venus in 2012. The superyacht has a beam of 11,8 m, a draught of 3 m and a volume of 1 876 GT. Venus features exterior design by Philippe Starck and interior design by Philippe Starck, with naval architecture by De Voogt Naval Architects. Venus has an aluminium hull and an aluminium superstructure. She is powered by 2 MTU engines, which give her a top speed of 12 kn.;Laurene Powell Jobs;$130 million;;Venus
Vassa;Feadship;Motor Yacht;68.77;;;5500;15;2012;11.2;10;2019;Malta;De Voogt Naval Architects;RWD;Vassa motor yacht built by the Dutch shipyard Feadship and is available for charter for up to 10 guests in 5 cabins. This yacht features interior styling by British designer RWD. Gossip: Di Caprio has rented this many times.;Russian businessman;$80 million;;vassa
Lady M;Palmer Johnson;Motor Yacht;65;28;24;2000;14;2013;9.5;14;;Cayman Islands;;;Lady M is a 215-foot luxury superyacht built by Palmer Johnson. It was owned by Russian oligarch Alexei Mordashov. The yacht features six guest cabins accommodations for a crew of 14, a gym, and a pool. Valued at around $27 million, it was confiscated by Italian authorities in response to sanctions following Russia's invasion of Ukraine;Alexei Mordashov;$27 million;Italian Police;lady_m
Galeocerdo;118 Wally Power;Motor Yacht;36;60;9;1500;6;2000;;6;;;;;The price of the 118 Wallypower is US$33 million for the triple gas turbine version, or $22 million for twin diesels.[citation needed] It has a range of 1,500 nautical miles (2,800 km) at 9 knots (17 km/h), or 300 nautical miles (560 km) at 60 knots (110 km/h). Fuel capacity is 22,000 liters (5800 US gallons). At the maximum speed of 60 knots (110 km/h) the gas turbine uses 15 US gallons / 58 liters of fuel per nautical mile, 900 gallons / 3500 liters per hour. The boat displaces only 95 tons because of the sophisticated building technology that uses a hybrid structure to save weight, and can accommodate six guests and six crew.;Kondakji family;$33 million;;118_wally