Yacht Page Title;Image Filename;Author/User;License Info;Source URL;Modification
118 WallyPower;Ancona,_Marche,_Italy_-_An_alien_vessel_in_the_Port_of_Ancona_(39506573241).jpg;gianni del bufalo;https://creativecommons.org/licenses/by/2.0;https://commons.wikimedia.org/wiki/File:Ancona,_Marche,_Italy_-_An_alien_vessel_in_the_Port_of_Ancona_(39506573241).jpg;Adapted from orginal
Aalto (yacht);Amevi_p1.JPG;Alf van Beem;http://creativecommons.org/publicdomain/zero/1.0/deed.en;https://commons.wikimedia.org/wiki/File:Amevi_p1.JPG;Adapted from orginal
Air yacht;Loening_S-1.jpg;Unknown author;Public domain;https://commons.wikimedia.org/wiki/File:Loening_S-1.jpg;Adapted from orginal
Air yacht;Supermarine_Air-Yacht.jpg;Unknown author;https://creativecommons.org/licenses/by-sa/4.0;https://commons.wikimedia.org/wiki/File:Supermarine_Air-Yacht.jpg;Adapted from orginal
Al Lusail (yacht);Al_Lusail_Kristiansand.jpg;Dauerlaeufer;https://creativecommons.org/licenses/by-sa/4.0;https://commons.wikimedia.org/wiki/File:Al_Lusail_Kristiansand.jpg;Adapted from orginal
Al Lusail (yacht);Flag_of_Qatar.svg;;Public domain;https://commons.wikimedia.org/wiki/File:Flag_of_Qatar.svg;Adapted from orginal
Al Mirqab (yacht);Al_Mirqab.jpg;Torsten Bolten;https://creativecommons.org/licenses/by-sa/3.0;https://commons.wikimedia.org/wiki/File:Al_Mirqab.jpg;Adapted from orginal
Al Mirqab (yacht);Al_Mirqab_774.jpg;Gerd Fahrenhorst;https://creativecommons.org/licenses/by/3.0;https://commons.wikimedia.org/wiki/File:Al_Mirqab_774.jpg;Adapted from orginal
Al Mirqab (yacht);Al_Mirqab_Monaco_2009.jpg;Piponwa;https://creativecommons.org/licenses/by-sa/3.0;https://commons.wikimedia.org/wiki/File:Al_Mirqab_Monaco_2009.jpg;Adapted from orginal
Al Mirqab (yacht);Civil_Ensign_of_the_Cayman_Islands.svg;Great Brightstar;Public domain;https://commons.wikimedia.org/wiki/File:Civil_Ensign_of_the_Cayman_Islands.svg;Adapted from orginal
Al Mirqab (yacht);Commons-logo.svg;Reidab;https://creativecommons.org/licenses/by-sa/3.0;https://commons.wikimedia.org/wiki/File:Commons-logo.svg;Adapted from orginal
Al Mirqab (yacht);Question_book-new.svg;en:User:Saranphat.cha;http://creativecommons.org/licenses/by-sa/3.0/;https://commons.wikimedia.org/wiki/File:Question_book-new.svg;Adapted from orginal
Al Raya (yacht);Al_Raya_in_Antibes_01.jpg;Spike;https://creativecommons.org/licenses/by-sa/4.0;https://commons.wikimedia.org/wiki/File:Al_Raya_in_Antibes_01.jpg;Adapted from orginal
Al Raya (yacht);Civil_Ensign_of_the_Cayman_Islands.svg;Great Brightstar;Public domain;https://commons.wikimedia.org/wiki/File:Civil_Ensign_of_the_Cayman_Islands.svg;Adapted from orginal
Alaiya (yacht);Flag_of_the_Cayman_Islands.svg;Unknown author;Public domain;https://commons.wikimedia.org/wiki/File:Flag_of_the_Cayman_Islands.svg;Adapted from orginal
Alaiya (yacht);Steinwerder_Blohm+Voss-Werft_Alaiya.jpg;Dkvtig;https://creativecommons.org/licenses/by-sa/4.0;https://commons.wikimedia.org/wiki/File:Steinwerder_Blohm%2BVoss-Werft_Alaiya.jpg;Adapted from orginal
Alexander (yacht);N/A;;;;Adapted from orginal
Alfa Nero;Alfa_Nero_(03).JPG;Orlovic;https://creativecommons.org/licenses/by-sa/3.0;https://commons.wikimedia.org/wiki/File:Alfa_Nero_(03).JPG;Adapted from orginal
Alfa Nero;Civil_Ensign_of_the_Cayman_Islands.svg;Great Brightstar;Public domain;https://commons.wikimedia.org/wiki/File:Civil_Ensign_of_the_Cayman_Islands.svg;Adapted from orginal
Alfa Nero;Commons-logo.svg;Reidab;https://creativecommons.org/licenses/by-sa/3.0;https://commons.wikimedia.org/wiki/File:Commons-logo.svg;Adapted from orginal
Alysia;Flag_of_Malta.svg;;Public domain;https://commons.wikimedia.org/wiki/File:Flag_of_Malta.svg;Adapted from orginal
Alysia;Moonlight_Yacht.jpg;Tony Hisgett;https://creativecommons.org/licenses/by/2.0;https://commons.wikimedia.org/wiki/File:Moonlight_Yacht.jpg;Adapted from orginal
Amadea (Original Name);N/A;;;;Adapted from orginal
Amore Vero (Original Name);N/A;;;;Adapted from orginal
Anastasia (yacht);Civil_Ensign_of_the_Cayman_Islands.svg;Great Brightstar;Public domain;https://commons.wikimedia.org/wiki/File:Civil_Ensign_of_the_Cayman_Islands.svg;Adapted from orginal
Anastasia (yacht);Yacht_Anastasia_01.jpg;Axou;https://creativecommons.org/licenses/by-sa/3.0;https://commons.wikimedia.org/wiki/File:Yacht_Anastasia_01.jpg;Adapted from orginal
Anastasia (yacht);Yacht_Anastasia_06.jpg;Axou;https://creativecommons.org/licenses/by-sa/3.0;https://commons.wikimedia.org/wiki/File:Yacht_Anastasia_06.jpg;Adapted from orginal
Anastasia (yacht);Yacht_Anastasia_15.jpg;Axou;https://creativecommons.org/licenses/by-sa/3.0;https://commons.wikimedia.org/wiki/File:Yacht_Anastasia_15.jpg;Adapted from orginal
Anastasia (yacht);Commons-logo.svg;Reidab;https://creativecommons.org/licenses/by-sa/3.0;https://commons.wikimedia.org/wiki/File:Commons-logo.svg;Adapted from orginal
Andromeda (2015 yacht);2016_Near_Antibes.jpg;Jordiferrer;https://creativecommons.org/licenses/by-sa/4.0;https://commons.wikimedia.org/wiki/File:2016_Near_Antibes.jpg;Adapted from orginal
Andromeda (2015 yacht);Civil_Ensign_of_the_Cayman_Islands.svg;Great Brightstar;Public domain;https://commons.wikimedia.org/wiki/File:Civil_Ensign_of_the_Cayman_Islands.svg;Adapted from orginal
Andromeda (2015 yacht);Le_yacht_à_moteur_U_21_(7).JPG;Jpbazard;https://creativecommons.org/licenses/by/4.0;https://commons.wikimedia.org/wiki/File:Le_yacht_%C3%A0_moteur_U_21_(7).JPG;Adapted from orginal
Andromeda (2015 yacht);Commons-logo.svg;Reidab;https://creativecommons.org/licenses/by-sa/3.0;https://commons.wikimedia.org/wiki/File:Commons-logo.svg;Adapted from orginal
Anne;Dahl,_Michael_-_Queen_Anne_-_NPG_6187.jpg;;Public domain;https://commons.wikimedia.org/wiki/File:Dahl,_Michael_-_Queen_Anne_-_NPG_6187.jpg;Adapted from orginal
Anne;Dahl,_Michael_-_Queen_Anne_-_NPG_6187.jpg;;Public domain;https://commons.wikimedia.org/wiki/File:Dahl,_Michael_-_Queen_Anne_-_NPG_6187.jpg;Adapted from orginal
Anne;WPanthroponymy.svg;penubag;Public domain;https://commons.wikimedia.org/wiki/File:WPanthroponymy.svg;Adapted from orginal
Anne;Wiktionary-logo-en-v2.svg;Dan Polansky;https://creativecommons.org/licenses/by-sa/4.0;https://commons.wikimedia.org/wiki/File:Wiktionary-logo-en-v2.svg;Adapted from orginal
Anne;OOjs_UI_icon_edit-ltr-progressive.svg;https://phabricator.wikimedia.org/diffusion/GOJU/browse/master/AUTHORS.txt;http://opensource.org/licenses/mit-license.php;https://commons.wikimedia.org/wiki/File:OOjs_UI_icon_edit-ltr-progressive.svg;Adapted from orginal
Aquarius (yacht);AQUARIUS_(30253679811).jpg;kees torn;https://creativecommons.org/licenses/by-sa/2.0;https://commons.wikimedia.org/wiki/File:AQUARIUS_(30253679811).jpg;Adapted from orginal
Aquarius (yacht);Civil_Ensign_of_the_Cayman_Islands.svg;Great Brightstar;Public domain;https://commons.wikimedia.org/wiki/File:Civil_Ensign_of_the_Cayman_Islands.svg;Adapted from orginal
Aquarius (yacht);AQUARIUS_(30253679811).jpg;kees torn;https://creativecommons.org/licenses/by-sa/2.0;https://commons.wikimedia.org/wiki/File:AQUARIUS_(30253679811).jpg;Adapted from orginal
Aquarius (yacht);Civil_Ensign_of_the_Cayman_Islands.svg;Great Brightstar;Public domain;https://commons.wikimedia.org/wiki/File:Civil_Ensign_of_the_Cayman_Islands.svg;Adapted from orginal
Aquijo (yacht);Civil_Ensign_of_the_Cayman_Islands.svg;Great Brightstar;Public domain;https://commons.wikimedia.org/wiki/File:Civil_Ensign_of_the_Cayman_Islands.svg;Adapted from orginal
Asean Lady (Original Name);N/A;;;;Adapted from orginal
Aviva (98m yacht);Aviva_Hudson_NY1.jpg;Acroterion;https://creativecommons.org/licenses/by-sa/4.0;https://commons.wikimedia.org/wiki/File:Aviva_Hudson_NY1.jpg;Adapted from orginal
Aviva (98m yacht);Commons-logo.svg;Reidab;https://creativecommons.org/licenses/by-sa/3.0;https://commons.wikimedia.org/wiki/File:Commons-logo.svg;Adapted from orginal
Axiom;Nuvola_apps_edu_mathematics_blue-p.svg;David Vignoni;http://www.gnu.org/licenses/gpl.html;https://commons.wikimedia.org/wiki/File:Nuvola_apps_edu_mathematics_blue-p.svg;Adapted from orginal
Axiom;Socrates.png;The original uploader was;Public domain;https://commons.wikimedia.org/wiki/File:Socrates.png;Adapted from orginal
Axiom;Wikisource-logo.svg;;https://creativecommons.org/licenses/by-sa/3.0;https://commons.wikimedia.org/wiki/File:Wikisource-logo.svg;Adapted from orginal
Axiom;Wiktionary-logo-en-v2.svg;Dan Polansky;https://creativecommons.org/licenses/by-sa/4.0;https://commons.wikimedia.org/wiki/File:Wiktionary-logo-en-v2.svg;Adapted from orginal
Axiom;Semi-protection-shackle.svg;XYZtSpace;http://creativecommons.org/publicdomain/zero/1.0/deed.en;https://commons.wikimedia.org/wiki/File:Semi-protection-shackle.svg;Adapted from orginal
Azzam (2013 yacht);AzzamCadiz.jpg;Javier Virués Ortega;https://creativecommons.org/licenses/by-sa/4.0;https://commons.wikimedia.org/wiki/File:AzzamCadiz.jpg;Adapted from orginal
Badis badis;Badis_badis.jpg;Tomolyka;http://creativecommons.org/licenses/by-sa/3.0/;https://commons.wikimedia.org/wiki/File:Badis_badis.jpg;Adapted from orginal
Badis badis;Blauwe_badis_(vrouw).jpg;Kennyannydenny;https://creativecommons.org/licenses/by-sa/3.0;https://commons.wikimedia.org/wiki/File:Blauwe_badis_(vrouw).jpg;Adapted from orginal
Badis badis;OOjs_UI_icon_edit-ltr.svg;MGalloway (WMF);https://creativecommons.org/licenses/by-sa/3.0;https://commons.wikimedia.org/wiki/File:OOjs_UI_icon_edit-ltr.svg;Adapted from orginal
Badis badis;Salmo_salar_flipped.jpg;Knepp, Timothy;Public domain;https://commons.wikimedia.org/wiki/File:Salmo_salar_flipped.jpg;Adapted from orginal
Badis badis;Status_iucn3.1_LC.svg;Alison;https://creativecommons.org/licenses/by/2.5;https://commons.wikimedia.org/wiki/File:Status_iucn3.1_LC.svg;Adapted from orginal
Baton Rouge (yacht);Civil_Ensign_of_the_United_Kingdom.svg;Great Brightstar;Public domain;https://commons.wikimedia.org/wiki/File:Civil_Ensign_of_the_United_Kingdom.svg;Adapted from orginal
Black Pearl (yacht);BlackPearl01a.jpg;Berthold Neutze;Public domain;https://commons.wikimedia.org/wiki/File:BlackPearl01a.jpg;Adapted from orginal
Black Pearl (yacht);BlackPearl04.jpg;Berthold Neutze;Public domain;https://commons.wikimedia.org/wiki/File:BlackPearl04.jpg;Adapted from orginal
Black Pearl (yacht);Civil_Ensign_of_the_Cayman_Islands.svg;Great Brightstar;Public domain;https://commons.wikimedia.org/wiki/File:Civil_Ensign_of_the_Cayman_Islands.svg;Adapted from orginal
Black Pearl (yacht);Oceanco_Y712.jpg;Kees Torn;https://creativecommons.org/licenses/by-sa/2.0;https://commons.wikimedia.org/wiki/File:Oceanco_Y712.jpg;Adapted from orginal
Black Pearl (yacht);Y_712_(32007996843).jpg;kees torn;https://creativecommons.org/licenses/by-sa/2.0;https://commons.wikimedia.org/wiki/File:Y_712_(32007996843).jpg;Adapted from orginal
Black Pearl (yacht);Y_712_(33184933161).jpg;kees torn;https://creativecommons.org/licenses/by-sa/2.0;https://commons.wikimedia.org/wiki/File:Y_712_(33184933161).jpg;Adapted from orginal
Black Pearl (yacht);Commons-logo.svg;Reidab;https://creativecommons.org/licenses/by-sa/3.0;https://commons.wikimedia.org/wiki/File:Commons-logo.svg;Adapted from orginal
Bliss (yacht);CenterPointe_Yacht_Services_and_Maple-Oregon_Street_Bridge_Sturgeon_Bay_Wisconsin.jpg;BobbyLight;https://creativecommons.org/licenses/by/2.0;https://commons.wikimedia.org/wiki/File:CenterPointe_Yacht_Services_and_Maple-Oregon_Street_Bridge_Sturgeon_Bay_Wisconsin.jpg;Adapted from orginal
Bliss (yacht);Civil_Ensign_of_the_Cayman_Islands.svg;Great Brightstar;Public domain;https://commons.wikimedia.org/wiki/File:Civil_Ensign_of_the_Cayman_Islands.svg;Adapted from orginal
Bravo Eugenia (yacht);1012921_Bravo_Eugenia_2018.jpg;Cavernia;https://creativecommons.org/licenses/by-sa/4.0;https://commons.wikimedia.org/wiki/File:1012921_Bravo_Eugenia_2018.jpg;Adapted from orginal
Bravo Eugenia (yacht);BRAVO_EUGENIA_(47040278682).jpg;kees torn;https://creativecommons.org/licenses/by-sa/2.0;https://commons.wikimedia.org/wiki/File:BRAVO_EUGENIA_(47040278682).jpg;Adapted from orginal
Bravo Eugenia (yacht);Bravo_Eugenia-Aurélien_Herman-54807.jpg;Nicolas SYT;https://creativecommons.org/licenses/by-sa/4.0;https://commons.wikimedia.org/wiki/File:Bravo_Eugenia-Aur%C3%A9lien_Herman-54807.jpg;Adapted from orginal
Bravo Eugenia (yacht);Civil_Ensign_of_the_Cayman_Islands.svg;Great Brightstar;Public domain;https://commons.wikimedia.org/wiki/File:Civil_Ensign_of_the_Cayman_Islands.svg;Adapted from orginal
Bravo Eugenia (yacht);SMIT_HUDSON_,_BRAVO_EUGENIA_(109_m_lang)_&_ROTTERDAM_(46283876804).jpg;kees torn;https://creativecommons.org/licenses/by-sa/2.0;https://commons.wikimedia.org/wiki/File:SMIT_HUDSON_,_BRAVO_EUGENIA_(109_m_lang)_%26_ROTTERDAM_(46283876804).jpg;Adapted from orginal
Carinthia VII;Carinthia_VII_sailing_through_Venice.jpg;WintermuteCZ;https://creativecommons.org/licenses/by-sa/4.0;https://commons.wikimedia.org/wiki/File:Carinthia_VII_sailing_through_Venice.jpg;Adapted from orginal
Carinthia VII;Flag_of_the_Marshall_Islands.svg;SKopp;Public domain;https://commons.wikimedia.org/wiki/File:Flag_of_the_Marshall_Islands.svg;Adapted from orginal
Chopi blackbird;Gnorimopsar_chopi_-Iguazu_National_Park_-Argentina-8.jpg;Beatrice Murch;https://creativecommons.org/licenses/by/2.0;https://commons.wikimedia.org/wiki/File:Gnorimopsar_chopi_-Iguazu_National_Park_-Argentina-8.jpg;Adapted from orginal
Chopi blackbird;Gnorimopsar_chopi_map.svg;Cephas;https://creativecommons.org/licenses/by-sa/3.0;https://commons.wikimedia.org/wiki/File:Gnorimopsar_chopi_map.svg;Adapted from orginal
Chopi blackbird;OOjs_UI_icon_edit-ltr.svg;MGalloway (WMF);https://creativecommons.org/licenses/by-sa/3.0;https://commons.wikimedia.org/wiki/File:OOjs_UI_icon_edit-ltr.svg;Adapted from orginal
Chopi blackbird;Status_iucn3.1_LC.svg;Alison;https://creativecommons.org/licenses/by/2.5;https://commons.wikimedia.org/wiki/File:Status_iucn3.1_LC.svg;Adapted from orginal
Chopi blackbird;Yellowheadblackbird.jpg;;Public domain;https://commons.wikimedia.org/wiki/File:Yellowheadblackbird.jpg;Adapted from orginal
Chopi blackbird;Commons-logo.svg;Reidab;https://creativecommons.org/licenses/by-sa/3.0;https://commons.wikimedia.org/wiki/File:Commons-logo.svg;Adapted from orginal
Christina O;HMCSStormont.jpg;Taken by an employee of the Canadaian Government, and greater than 50 years of age;Public domain;https://commons.wikimedia.org/wiki/File:HMCSStormont.jpg;Adapted from orginal
Christina O;Hacker_tender_and_Christina_O.jpg;George Onassis;https://creativecommons.org/licenses/by/3.0;https://commons.wikimedia.org/wiki/File:Hacker_tender_and_Christina_O.jpg;Adapted from orginal
Christina O;Yacht_CHRISTINA_O.jpg;Stef Bravin;https://creativecommons.org/licenses/by-sa/4.0;https://commons.wikimedia.org/wiki/File:Yacht_CHRISTINA_O.jpg;Adapted from orginal
Constellation (Original Name);N/A;;;;Adapted from orginal
Crescent (yacht);Civil_Ensign_of_the_Cayman_Islands.svg;Great Brightstar;Public domain;https://commons.wikimedia.org/wiki/File:Civil_Ensign_of_the_Cayman_Islands.svg;Adapted from orginal
Crescent (yacht);Yacht_Crescent.jpg;TeamMasse;https://creativecommons.org/licenses/by-sa/4.0;https://commons.wikimedia.org/wiki/File:Yacht_Crescent.jpg;Adapted from orginal
Dar (yacht);Civil_Ensign_of_the_Cayman_Islands.svg;Great Brightstar;Public domain;https://commons.wikimedia.org/wiki/File:Civil_Ensign_of_the_Cayman_Islands.svg;Adapted from orginal
Dar (yacht);Noord_river_2018_1.jpg;Smiley.toerist;https://creativecommons.org/licenses/by-sa/4.0;https://commons.wikimedia.org/wiki/File:Noord_river_2018_1.jpg;Adapted from orginal
Dragonfly Trimarans;Dragonflyextended.jpg;Hyland.d;http://creativecommons.org/licenses/by-sa/3.0/;https://commons.wikimedia.org/wiki/File:Dragonflyextended.jpg;Adapted from orginal
Dragonfly Trimarans;Dragonflyfolded.jpg;;;;Adapted from orginal
Dubai (yacht);Flag_of_Dubai.svg;Sarang;Public domain;https://commons.wikimedia.org/wiki/File:Flag_of_Dubai.svg;Adapted from orginal
Dubai (yacht);Mohammed_Bin_Rashid_Al_Maktoum_at_the_World_Economic_Forum_Summit_on_the_Global_Agenda_2008_2.jpg;World Economic Forum;https://creativecommons.org/licenses/by-sa/2.0;https://commons.wikimedia.org/wiki/File:Mohammed_Bin_Rashid_Al_Maktoum_at_the_World_Economic_Forum_Summit_on_the_Global_Agenda_2008_2.jpg;Adapted from orginal
Dubai (yacht);The_royal_yacht,_Al_Sufouh_-_Dubai_-_United_Arab_Emirates_-_panoramio.jpg;trolvag;https://creativecommons.org/licenses/by-sa/3.0;https://commons.wikimedia.org/wiki/File:The_royal_yacht,_Al_Sufouh_-_Dubai_-_United_Arab_Emirates_-_panoramio.jpg;Adapted from orginal
Eclipse (yacht);Eclipse_docked_in_Nassau_Jan_12,_2011.JPG;DCwom;https://creativecommons.org/licenses/by-sa/3.0;https://commons.wikimedia.org/wiki/File:Eclipse_docked_in_Nassau_Jan_12,_2011.JPG;Adapted from orginal
Eclipse (yacht);Flag_of_Bermuda.svg;;Public domain;https://commons.wikimedia.org/wiki/File:Flag_of_Bermuda.svg;Adapted from orginal
Eclipse (yacht);MY_Eclipse_Superyacht_berthed_at_the_Detached_Mole,_Gibraltar.jpg;Moshi Anahory;https://creativecommons.org/licenses/by-sa/2.0;https://commons.wikimedia.org/wiki/File:MY_Eclipse_Superyacht_berthed_at_the_Detached_Mole,_Gibraltar.jpg;Adapted from orginal
Eclipse (yacht);Commons-logo.svg;Reidab;https://creativecommons.org/licenses/by-sa/3.0;https://commons.wikimedia.org/wiki/File:Commons-logo.svg;Adapted from orginal
Eclipse (yacht);Eclipse_docked_in_Nassau_Jan_12,_2011.JPG;DCwom;https://creativecommons.org/licenses/by-sa/3.0;https://commons.wikimedia.org/wiki/File:Eclipse_docked_in_Nassau_Jan_12,_2011.JPG;Adapted from orginal
Eclipse (yacht);Flag_of_Bermuda.svg;;Public domain;https://commons.wikimedia.org/wiki/File:Flag_of_Bermuda.svg;Adapted from orginal
Eclipse (yacht);MY_Eclipse_Superyacht_berthed_at_the_Detached_Mole,_Gibraltar.jpg;Moshi Anahory;https://creativecommons.org/licenses/by-sa/2.0;https://commons.wikimedia.org/wiki/File:MY_Eclipse_Superyacht_berthed_at_the_Detached_Mole,_Gibraltar.jpg;Adapted from orginal
Eclipse (yacht);Commons-logo.svg;Reidab;https://creativecommons.org/licenses/by-sa/3.0;https://commons.wikimedia.org/wiki/File:Commons-logo.svg;Adapted from orginal
Ecstasea;Civil_Ensign_of_the_Cayman_Islands.svg;Great Brightstar;Public domain;https://commons.wikimedia.org/wiki/File:Civil_Ensign_of_the_Cayman_Islands.svg;Adapted from orginal
Ecstasea;Yacht_Ecstasea_01.jpg;Axou;https://creativecommons.org/licenses/by-sa/3.0;https://commons.wikimedia.org/wiki/File:Yacht_Ecstasea_01.jpg;Adapted from orginal
Ecstasea;Commons-logo.svg;Reidab;https://creativecommons.org/licenses/by-sa/3.0;https://commons.wikimedia.org/wiki/File:Commons-logo.svg;Adapted from orginal
El Mahrousa;000-Al-Mahrousah_Royal_Egyptian_Yacht.jpg;Unknown author;Public domain;https://commons.wikimedia.org/wiki/File:000-Al-Mahrousah_Royal_Egyptian_Yacht.jpg;Adapted from orginal
El Mahrousa;FMIB_37542_Appareils_Transmetteurs_de_TSF_a_bord_du_yacht_Mahroussa,_appartenant_au_khedive_d'Egypte.jpeg;Marconigraph;Public domain;https://commons.wikimedia.org/wiki/File:FMIB_37542_Appareils_Transmetteurs_de_TSF_a_bord_du_yacht_Mahroussa,_appartenant_au_khedive_d%27Egypte.jpeg;Adapted from orginal
El Mahrousa;Naval_Ensign_of_Egypt.svg;Denelson83;Public domain;https://commons.wikimedia.org/wiki/File:Naval_Ensign_of_Egypt.svg;Adapted from orginal
Elements (Original Name);N/A;;;;Adapted from orginal
Elysian (yacht);Civil_Ensign_of_the_Cayman_Islands.svg;Great Brightstar;Public domain;https://commons.wikimedia.org/wiki/File:Civil_Ensign_of_the_Cayman_Islands.svg;Adapted from orginal
Elysian (yacht);Queensway_Quay_Marina_in_Gibraltar.jpg;Uhooep;https://creativecommons.org/licenses/by-sa/4.0;https://commons.wikimedia.org/wiki/File:Queensway_Quay_Marina_in_Gibraltar.jpg;Adapted from orginal
Eminence (yacht);Civil_Ensign_of_the_Cayman_Islands.svg;Great Brightstar;Public domain;https://commons.wikimedia.org/wiki/File:Civil_Ensign_of_the_Cayman_Islands.svg;Adapted from orginal
Eminence (yacht);Yacht_Eminence_02.jpg;Axou;https://creativecommons.org/licenses/by-sa/3.0;https://commons.wikimedia.org/wiki/File:Yacht_Eminence_02.jpg;Adapted from orginal
Endeavour (yacht);Burgee_of_the_Royal_Yacht_Squadron.svg;Greentubing~commonswiki;Public domain;https://commons.wikimedia.org/wiki/File:Burgee_of_the_Royal_Yacht_Squadron.svg;Adapted from orginal
Endeavour (yacht);Civil_Ensign_of_the_United_Kingdom.svg;Great Brightstar;Public domain;https://commons.wikimedia.org/wiki/File:Civil_Ensign_of_the_United_Kingdom.svg;Adapted from orginal
Endeavour (yacht);Endeavour.jpg;CaptainHaddock;http://creativecommons.org/licenses/by-sa/3.0/;https://commons.wikimedia.org/wiki/File:Endeavour.jpg;Adapted from orginal
Endeavour (yacht);Yacht_Endeavour_C_photo_D_Ramey_Logan.jpg;;https://creativecommons.org/licenses/by-sa/3.0;https://commons.wikimedia.org/wiki/File:Yacht_Endeavour_C_photo_D_Ramey_Logan.jpg;Adapted from orginal
Endeavour (yacht);Commons-logo.svg;Reidab;https://creativecommons.org/licenses/by-sa/3.0;https://commons.wikimedia.org/wiki/File:Commons-logo.svg;Adapted from orginal
Eos (yacht);A2000_20100307_048A.JPG;PatrickDunfordNZ;https://creativecommons.org/licenses/by-sa/3.0;https://commons.wikimedia.org/wiki/File:A2000_20100307_048A.JPG;Adapted from orginal
Eos (yacht);Civil_Ensign_of_the_Cayman_Islands.svg;Great Brightstar;Public domain;https://commons.wikimedia.org/wiki/File:Civil_Ensign_of_the_Cayman_Islands.svg;Adapted from orginal
Eos (yacht);Lürssen.jpg;Xocolatl;Public domain;https://commons.wikimedia.org/wiki/File:L%C3%BCrssen.jpg;Adapted from orginal
Eos (yacht);Yacht_Eos_Dartmouth_Feb_2008.jpg;Simon.pooley;https://creativecommons.org/licenses/by-sa/3.0;https://commons.wikimedia.org/wiki/File:Yacht_Eos_Dartmouth_Feb_2008.jpg;Adapted from orginal
Eos (yacht);A2000_20100307_048A.JPG;PatrickDunfordNZ;https://creativecommons.org/licenses/by-sa/3.0;https://commons.wikimedia.org/wiki/File:A2000_20100307_048A.JPG;Adapted from orginal
Eos (yacht);Civil_Ensign_of_the_Cayman_Islands.svg;Great Brightstar;Public domain;https://commons.wikimedia.org/wiki/File:Civil_Ensign_of_the_Cayman_Islands.svg;Adapted from orginal
Eos (yacht);Lürssen.jpg;Xocolatl;Public domain;https://commons.wikimedia.org/wiki/File:L%C3%BCrssen.jpg;Adapted from orginal
Eos (yacht);Yacht_Eos_Dartmouth_Feb_2008.jpg;Simon.pooley;https://creativecommons.org/licenses/by-sa/3.0;https://commons.wikimedia.org/wiki/File:Yacht_Eos_Dartmouth_Feb_2008.jpg;Adapted from orginal
Excellence (yacht);Flag_of_the_Cayman_Islands.svg;Unknown author;Public domain;https://commons.wikimedia.org/wiki/File:Flag_of_the_Cayman_Islands.svg;Adapted from orginal
Excellence (yacht);The_Excellence_(2019).jpg;St. Magnus;https://creativecommons.org/licenses/by-sa/4.0;https://commons.wikimedia.org/wiki/File:The_Excellence_(2019).jpg;Adapted from orginal
Eye (yacht);Ace-2012.JPG;JanManu;https://creativecommons.org/licenses/by-sa/3.0;https://commons.wikimedia.org/wiki/File:Ace-2012.JPG;Adapted from orginal
Eye (yacht);Civil_Ensign_of_the_Cayman_Islands.svg;Great Brightstar;Public domain;https://commons.wikimedia.org/wiki/File:Civil_Ensign_of_the_Cayman_Islands.svg;Adapted from orginal
Fountainhead (yacht);Civil_Ensign_of_the_Cayman_Islands.svg;Great Brightstar;Public domain;https://commons.wikimedia.org/wiki/File:Civil_Ensign_of_the_Cayman_Islands.svg;Adapted from orginal
Fountainhead (yacht);Fountainhead_Miami_March_2019.jpg;Godsfriendchuck;https://creativecommons.org/licenses/by-sa/4.0;https://commons.wikimedia.org/wiki/File:Fountainhead_Miami_March_2019.jpg;Adapted from orginal
Fountainhead (yacht);Fountainhead_in_Gardiners_Bay,_starboard_(aft).jpg;Mr.choppers;https://creativecommons.org/licenses/by-sa/3.0;https://commons.wikimedia.org/wiki/File:Fountainhead_in_Gardiners_Bay,_starboard_(aft).jpg;Adapted from orginal
Fulk Al Salamah (2016 yacht);Fulk_Al_Salamah_180322.jpg;Rennboot;https://creativecommons.org/licenses/by/3.0;https://commons.wikimedia.org/wiki/File:Fulk_Al_Salamah_180322.jpg;Adapted from orginal
Fulk Al Salamah (2016 yacht);Galiote.jpg;Rama;Public domain;https://commons.wikimedia.org/wiki/File:Galiote.jpg;Adapted from orginal
Fulk Al Salamah (2016 yacht);Naval_Ensign_of_Oman.svg;POEFTWADLFTL;Public domain;https://commons.wikimedia.org/wiki/File:Naval_Ensign_of_Oman.svg;Adapted from orginal
Fulk Al Salamah (2016 yacht);Fulk_Al_Salamah_180322.jpg;Rennboot;https://creativecommons.org/licenses/by/3.0;https://commons.wikimedia.org/wiki/File:Fulk_Al_Salamah_180322.jpg;Adapted from orginal
Fulk Al Salamah (2016 yacht);Galiote.jpg;Rama;Public domain;https://commons.wikimedia.org/wiki/File:Galiote.jpg;Adapted from orginal
Fulk Al Salamah (2016 yacht);Naval_Ensign_of_Oman.svg;POEFTWADLFTL;Public domain;https://commons.wikimedia.org/wiki/File:Naval_Ensign_of_Oman.svg;Adapted from orginal
Grace (yacht);Civil_Ensign_of_the_Cayman_Islands.svg;Great Brightstar;Public domain;https://commons.wikimedia.org/wiki/File:Civil_Ensign_of_the_Cayman_Islands.svg;Adapted from orginal
Grace (yacht);Kibo_MY.jpeg;DrDuu;https://creativecommons.org/licenses/by-sa/4.0;https://commons.wikimedia.org/wiki/File:Kibo_MY.jpeg;Adapted from orginal
Graeme Hart;N/A;;;;Adapted from orginal
H3 (yacht);Civil_Ensign_of_the_Cayman_Islands.svg;Great Brightstar;Public domain;https://commons.wikimedia.org/wiki/File:Civil_Ensign_of_the_Cayman_Islands.svg;Adapted from orginal
H3 (yacht);Yacht_Indian_Empress.jpg;VerTego;Public domain;https://commons.wikimedia.org/wiki/File:Yacht_Indian_Empress.jpg;Adapted from orginal
H3 (yacht);Yacht_Indian_Empress_in_Malta.jpg;Pedaalemmer;https://creativecommons.org/licenses/by-sa/3.0;https://commons.wikimedia.org/wiki/File:Yacht_Indian_Empress_in_Malta.jpg;Adapted from orginal
H3 (yacht);Yacht_Indian_Empress_in_Thailand.jpg;Sdekker;Public domain;https://commons.wikimedia.org/wiki/File:Yacht_Indian_Empress_in_Thailand.jpg;Adapted from orginal
Here Comes The Sun (yacht);Civil_Ensign_of_the_Cayman_Islands.svg;Great Brightstar;Public domain;https://commons.wikimedia.org/wiki/File:Civil_Ensign_of_the_Cayman_Islands.svg;Adapted from orginal
Here Comes The Sun (yacht);Here_Comes_The_Sun_Monaco.jpg;Frankkaribik;https://creativecommons.org/licenses/by-sa/4.0;https://commons.wikimedia.org/wiki/File:Here_Comes_The_Sun_Monaco.jpg;Adapted from orginal
HMS Qeen Elisabeth (Original Name);N/A;;;;Adapted from orginal
HNoMY Norge;Civil_Ensign_of_the_United_Kingdom.svg;Great Brightstar;Public domain;https://commons.wikimedia.org/wiki/File:Civil_Ensign_of_the_United_Kingdom.svg;Adapted from orginal
HNoMY Norge;Coat_of_arms_of_the_Royal_Norwegian_Navy.svg;Norwegian Armed Forces;Public domain;https://commons.wikimedia.org/wiki/File:Coat_of_arms_of_the_Royal_Norwegian_Navy.svg;Adapted from orginal
HNoMY Norge;Flag_of_Norway,_state.svg;Dbenbenn;Public domain;https://commons.wikimedia.org/wiki/File:Flag_of_Norway,_state.svg;Adapted from orginal
HNoMY Norge;Kongeflagget.svg;Hosmich;https://creativecommons.org/licenses/by-sa/3.0;https://commons.wikimedia.org/wiki/File:Kongeflagget.svg;Adapted from orginal
HNoMY Norge;Kongeskipet_norge.JPG;Peppigue;http://creativecommons.org/publicdomain/zero/1.0/deed.en;https://commons.wikimedia.org/wiki/File:Kongeskipet_norge.JPG;Adapted from orginal
HNoMY Norge;Naval_Ensign_of_the_United_Kingdom.svg;Great Brightstar;Public domain;https://commons.wikimedia.org/wiki/File:Naval_Ensign_of_the_United_Kingdom.svg;Adapted from orginal
HNoMY Norge;Norge,_Oslo,_2019_(02).jpg;Bahnfrend;https://creativecommons.org/licenses/by-sa/4.0;https://commons.wikimedia.org/wiki/File:Norge,_Oslo,_2019_(02).jpg;Adapted from orginal
HNoMY Norge;Commons-logo.svg;Reidab;https://creativecommons.org/licenses/by-sa/3.0;https://commons.wikimedia.org/wiki/File:Commons-logo.svg;Adapted from orginal
HNoMY Norge;OOjs_UI_icon_edit-ltr-progressive.svg;https://phabricator.wikimedia.org/diffusion/GOJU/browse/master/AUTHORS.txt;http://opensource.org/licenses/mit-license.php;https://commons.wikimedia.org/wiki/File:OOjs_UI_icon_edit-ltr-progressive.svg;Adapted from orginal
I Dynasty;I_DYNASTY_1566.jpg;Ein Dahmer;https://creativecommons.org/licenses/by-sa/4.0;https://commons.wikimedia.org/wiki/File:I_DYNASTY_1566.jpg;Adapted from orginal
ICON Yachts;ICON_Logo_2022.png;ICON Yachts;https://creativecommons.org/licenses/by-sa/4.0;https://commons.wikimedia.org/wiki/File:ICON_Logo_2022.png;Adapted from orginal
Igor Makarov (businessman);Makarov_I.V.jpg;NickVG;https://creativecommons.org/licenses/by-sa/4.0;https://commons.wikimedia.org/wiki/File:Makarov_I.V.jpg;Adapted from orginal
Igor Makarov (businessman);OOjs_UI_icon_edit-ltr-progressive.svg;https://phabricator.wikimedia.org/diffusion/GOJU/browse/master/AUTHORS.txt;http://opensource.org/licenses/mit-license.php;https://commons.wikimedia.org/wiki/File:OOjs_UI_icon_edit-ltr-progressive.svg;Adapted from orginal
Infinity (2022 yacht);Civil_Ensign_of_the_Cayman_Islands.svg;Great Brightstar;Public domain;https://commons.wikimedia.org/wiki/File:Civil_Ensign_of_the_Cayman_Islands.svg;Adapted from orginal
Infinity (2022 yacht);Yacht_Infinity_(cropped).jpg;Marius Vassnes;https://creativecommons.org/licenses/by-sa/4.0;https://commons.wikimedia.org/wiki/File:Yacht_Infinity_(cropped).jpg;Adapted from orginal
Infinity (2022 yacht);Yacht_Infinity_(cropped).jpg;Marius Vassnes;https://creativecommons.org/licenses/by-sa/4.0;https://commons.wikimedia.org/wiki/File:Yacht_Infinity_(cropped).jpg;Adapted from orginal
James H. Clark;James_H._Clark.jpg;Knnkanda;https://creativecommons.org/licenses/by-sa/3.0;https://commons.wikimedia.org/wiki/File:James_H._Clark.jpg;Adapted from orginal
James H. Clark;Commons-logo.svg;Reidab;https://creativecommons.org/licenses/by-sa/3.0;https://commons.wikimedia.org/wiki/File:Commons-logo.svg;Adapted from orginal
James H. Clark;OOjs_UI_icon_edit-ltr-progressive.svg;https://phabricator.wikimedia.org/diffusion/GOJU/browse/master/AUTHORS.txt;http://opensource.org/licenses/mit-license.php;https://commons.wikimedia.org/wiki/File:OOjs_UI_icon_edit-ltr-progressive.svg;Adapted from orginal
James H. Clark;Symbol_category_class.svg;PC78;Public domain;https://commons.wikimedia.org/wiki/File:Symbol_category_class.svg;Adapted from orginal
Kingdom 5KR;Kingdom_5KR.jpg;FrummerThanThou;http://creativecommons.org/licenses/by-sa/3.0/;https://commons.wikimedia.org/wiki/File:Kingdom_5KR.jpg;Adapted from orginal
Kingdom 5KR;Kingdom_5KR_-_005.JPG;Axou;https://creativecommons.org/licenses/by-sa/3.0;https://commons.wikimedia.org/wiki/File:Kingdom_5KR_-_005.JPG;Adapted from orginal
Kingdom 5KR;Commons-logo.svg;Reidab;https://creativecommons.org/licenses/by-sa/3.0;https://commons.wikimedia.org/wiki/File:Commons-logo.svg;Adapted from orginal
Kogo (Original Name);N/A;;;;Adapted from orginal
Koru (yacht);Abeona.jpg;Conmat13;https://creativecommons.org/licenses/by-sa/4.0;https://commons.wikimedia.org/wiki/File:Abeona.jpg;Adapted from orginal
Koru (yacht);Civil_Ensign_of_the_Cayman_Islands.svg;Great Brightstar;Public domain;https://commons.wikimedia.org/wiki/File:Civil_Ensign_of_the_Cayman_Islands.svg;Adapted from orginal
Koru (yacht);Jeff_Bezos_2016_crop.jpg;Len Edgerly;https://creativecommons.org/licenses/by-sa/2.0;https://commons.wikimedia.org/wiki/File:Jeff_Bezos_2016_crop.jpg;Adapted from orginal
Koru (yacht);Koru_Superyacht.jpg;Conmat13;https://creativecommons.org/licenses/by-sa/4.0;https://commons.wikimedia.org/wiki/File:Koru_Superyacht.jpg;Adapted from orginal
Kosatka;POL_powiat_sieradzki_COA.svg;W3C-unspecified;Public domain;https://commons.wikimedia.org/wiki/File:POL_powiat_sieradzki_COA.svg;Adapted from orginal
Kosatka;Poland_adm_location_map.svg;NordNordWest;https://creativecommons.org/licenses/by-sa/3.0/de/deed.en;https://commons.wikimedia.org/wiki/File:Poland_adm_location_map.svg;Adapted from orginal
Kosatka;Red_pog.svg;Andux;Public domain;https://commons.wikimedia.org/wiki/File:Red_pog.svg;Adapted from orginal
Kosatka;Flag_of_Poland.svg;See below.;Public domain;https://commons.wikimedia.org/wiki/File:Flag_of_Poland.svg;Adapted from orginal
Lady Christine (Original Name);N/A;;;;Adapted from orginal
Lady Jorgia;Enzo_Yacht_2021-10-02_13-51-39.jpg;H005;http://creativecommons.org/publicdomain/zero/1.0/deed.en;https://commons.wikimedia.org/wiki/File:Enzo_Yacht_2021-10-02_13-51-39.jpg;Adapted from orginal
Lady Jorgia;Flag_of_the_Marshall_Islands.svg;SKopp;Public domain;https://commons.wikimedia.org/wiki/File:Flag_of_the_Marshall_Islands.svg;Adapted from orginal
Lady Jorgia;MY_Ahpo_tender_garage.jpg;102Legobrick;https://creativecommons.org/licenses/by-sa/4.0;https://commons.wikimedia.org/wiki/File:MY_Ahpo_tender_garage.jpg;Adapted from orginal
Lady Jorgia;Enzo_Yacht_2021-10-02_13-51-39.jpg;H005;http://creativecommons.org/publicdomain/zero/1.0/deed.en;https://commons.wikimedia.org/wiki/File:Enzo_Yacht_2021-10-02_13-51-39.jpg;Adapted from orginal
Lady Jorgia;Flag_of_the_Marshall_Islands.svg;SKopp;Public domain;https://commons.wikimedia.org/wiki/File:Flag_of_the_Marshall_Islands.svg;Adapted from orginal
Lady Jorgia;MY_Ahpo_tender_garage.jpg;102Legobrick;https://creativecommons.org/licenses/by-sa/4.0;https://commons.wikimedia.org/wiki/File:MY_Ahpo_tender_garage.jpg;Adapted from orginal
Lady Jorgia;Enzo_Yacht_2021-10-02_13-51-39.jpg;H005;http://creativecommons.org/publicdomain/zero/1.0/deed.en;https://commons.wikimedia.org/wiki/File:Enzo_Yacht_2021-10-02_13-51-39.jpg;Adapted from orginal
Lady Jorgia;Flag_of_the_Marshall_Islands.svg;SKopp;Public domain;https://commons.wikimedia.org/wiki/File:Flag_of_the_Marshall_Islands.svg;Adapted from orginal
Lady Jorgia;MY_Ahpo_tender_garage.jpg;102Legobrick;https://creativecommons.org/licenses/by-sa/4.0;https://commons.wikimedia.org/wiki/File:MY_Ahpo_tender_garage.jpg;Adapted from orginal
Lady Lara;Civil_Ensign_of_the_Cayman_Islands.svg;Great Brightstar;Public domain;https://commons.wikimedia.org/wiki/File:Civil_Ensign_of_the_Cayman_Islands.svg;Adapted from orginal
Lady Lara;Galiote.jpg;Rama;Public domain;https://commons.wikimedia.org/wiki/File:Galiote.jpg;Adapted from orginal
Lady Lara;Superyacht_Lady_Lara_in_Amsterdam.jpg;102Legobrick;https://creativecommons.org/licenses/by-sa/4.0;https://commons.wikimedia.org/wiki/File:Superyacht_Lady_Lara_in_Amsterdam.jpg;Adapted from orginal
Lady Lara;Question_book-new.svg;en:User:Saranphat.cha;http://creativecommons.org/licenses/by-sa/3.0/;https://commons.wikimedia.org/wiki/File:Question_book-new.svg;Adapted from orginal
Lady M (yacht);Civil_Ensign_of_the_Cayman_Islands.svg;Great Brightstar;Public domain;https://commons.wikimedia.org/wiki/File:Civil_Ensign_of_the_Cayman_Islands.svg;Adapted from orginal
Lady M (yacht);Lady_M_yacht.jpg;Mark Harkin;https://creativecommons.org/licenses/by/2.0;https://commons.wikimedia.org/wiki/File:Lady_M_yacht.jpg;Adapted from orginal
Lady M (yacht);Motor_Yacht_Lady_M.jpg;Mark Harkin;https://creativecommons.org/licenses/by/2.0;https://commons.wikimedia.org/wiki/File:Motor_Yacht_Lady_M.jpg;Adapted from orginal
Lady Moura;Galiote.jpg;Rama;Public domain;https://commons.wikimedia.org/wiki/File:Galiote.jpg;Adapted from orginal
Lady Moura;The_Gulf_of_Saint-Jean-Cap-Ferrat-1-.jpg;Heinrich Kerschbaumer;https://creativecommons.org/licenses/by-sa/3.0;https://commons.wikimedia.org/wiki/File:The_Gulf_of_Saint-Jean-Cap-Ferrat-1-.jpg;Adapted from orginal
Lady Moura;Yacht_Lady_Moura_in_Monaco.jpg;Berthold Werner;Public domain;https://commons.wikimedia.org/wiki/File:Yacht_Lady_Moura_in_Monaco.jpg;Adapted from orginal
Lady Moura;Ambox_important.svg;Dsmurat;Public domain;https://commons.wikimedia.org/wiki/File:Ambox_important.svg;Adapted from orginal
Lady Moura;Question_book-new.svg;en:User:Saranphat.cha;http://creativecommons.org/licenses/by-sa/3.0/;https://commons.wikimedia.org/wiki/File:Question_book-new.svg;Adapted from orginal
Lady Moura;Galiote.jpg;Rama;Public domain;https://commons.wikimedia.org/wiki/File:Galiote.jpg;Adapted from orginal
Lady Moura;The_Gulf_of_Saint-Jean-Cap-Ferrat-1-.jpg;Heinrich Kerschbaumer;https://creativecommons.org/licenses/by-sa/3.0;https://commons.wikimedia.org/wiki/File:The_Gulf_of_Saint-Jean-Cap-Ferrat-1-.jpg;Adapted from orginal
Lady Moura;Yacht_Lady_Moura_in_Monaco.jpg;Berthold Werner;Public domain;https://commons.wikimedia.org/wiki/File:Yacht_Lady_Moura_in_Monaco.jpg;Adapted from orginal
Lady Moura;Ambox_important.svg;Dsmurat;Public domain;https://commons.wikimedia.org/wiki/File:Ambox_important.svg;Adapted from orginal
Lady Moura;Question_book-new.svg;en:User:Saranphat.cha;http://creativecommons.org/licenses/by-sa/3.0/;https://commons.wikimedia.org/wiki/File:Question_book-new.svg;Adapted from orginal
Lauren;WPanthroponymy.svg;penubag;Public domain;https://commons.wikimedia.org/wiki/File:WPanthroponymy.svg;Adapted from orginal
Lauren;20121001185414!WPanthroponymy.svg;;;;Adapted from orginal
Le Grand Bleu (yacht);Flag_of_Palau.svg;Nightstallion;Public domain;https://commons.wikimedia.org/wiki/File:Flag_of_Palau.svg;Adapted from orginal
Le Grand Bleu (yacht);Le_Grand_Bleu,_June_2017,_NY_Harbor.jpg;Jaybaum;https://creativecommons.org/licenses/by-sa/4.0;https://commons.wikimedia.org/wiki/File:Le_Grand_Bleu,_June_2017,_NY_Harbor.jpg;Adapted from orginal
Le Grand Bleu (yacht);Le_Grand_Bleu2009-2-2.JPG;Dsbull;https://creativecommons.org/licenses/by-sa/3.0;https://commons.wikimedia.org/wiki/File:Le_Grand_Bleu2009-2-2.JPG;Adapted from orginal
Le Grand Bleu (yacht);Le_Grand_Bleu_31July010.jpg;Contributor0810;https://creativecommons.org/licenses/by-sa/3.0;https://commons.wikimedia.org/wiki/File:Le_Grand_Bleu_31July010.jpg;Adapted from orginal
Le Grand Bleu (yacht);Commons-logo.svg;Reidab;https://creativecommons.org/licenses/by-sa/3.0;https://commons.wikimedia.org/wiki/File:Commons-logo.svg;Adapted from orginal
Limitless (luxury yacht);Galiote.jpg;Rama;Public domain;https://commons.wikimedia.org/wiki/File:Galiote.jpg;Adapted from orginal
Limitless (luxury yacht);Limitless,_Palma_de_Mallorca,_07.2006_(side).jpg;Moreno;https://creativecommons.org/licenses/by-sa/2.5;https://commons.wikimedia.org/wiki/File:Limitless,_Palma_de_Mallorca,_07.2006_(side).jpg;Adapted from orginal
Limitless (luxury yacht);Limitless_(luxury_yacht).jpg;VerTego;Public domain;https://commons.wikimedia.org/wiki/File:Limitless_(luxury_yacht).jpg;Adapted from orginal
Limitless (luxury yacht);Commons-logo.svg;Reidab;https://creativecommons.org/licenses/by-sa/3.0;https://commons.wikimedia.org/wiki/File:Commons-logo.svg;Adapted from orginal
Limitless (luxury yacht);Question_book-new.svg;en:User:Saranphat.cha;http://creativecommons.org/licenses/by-sa/3.0/;https://commons.wikimedia.org/wiki/File:Question_book-new.svg;Adapted from orginal
Lionheart (yacht);Lionheart_Monaco_2017.jpg;Frankkaribik;https://creativecommons.org/licenses/by-sa/4.0;https://commons.wikimedia.org/wiki/File:Lionheart_Monaco_2017.jpg;Adapted from orginal
Lionheart (yacht);Ambox_important.svg;Dsmurat;Public domain;https://commons.wikimedia.org/wiki/File:Ambox_important.svg;Adapted from orginal
Lionheart (yacht);Edit-clear.svg;The people from the Tango! project;Public domain;https://commons.wikimedia.org/wiki/File:Edit-clear.svg;Adapted from orginal
Loaloat Al Behar;N/A;;;;Adapted from orginal
Lonian (Original Name);N/A;;;;Adapted from orginal
Loon (yacht);Civil_Ensign_of_the_Cayman_Islands.svg;Great Brightstar;Public domain;https://commons.wikimedia.org/wiki/File:Civil_Ensign_of_the_Cayman_Islands.svg;Adapted from orginal
Loon (yacht);Galiote.jpg;Rama;Public domain;https://commons.wikimedia.org/wiki/File:Galiote.jpg;Adapted from orginal
Luminosity (yacht);Question_book-new.svg;en:User:Saranphat.cha;http://creativecommons.org/licenses/by-sa/3.0/;https://commons.wikimedia.org/wiki/File:Question_book-new.svg;Adapted from orginal
Luminosity (yacht);20210726203439!Question_book-new.svg;;;;Adapted from orginal
Luminosity (yacht);20201004174738!Question_book-new.svg;;;;Adapted from orginal
Luminosity (yacht);20171208221057!Question_book-new.svg;;;;Adapted from orginal
Luminosity (yacht);20171207131032!Question_book-new.svg;;;;Adapted from orginal
Luminosity (yacht);20160612140736!Question_book-new.svg;;;;Adapted from orginal
Luna (yacht);Flag_of_the_Marshall_Islands.svg;SKopp;Public domain;https://commons.wikimedia.org/wiki/File:Flag_of_the_Marshall_Islands.svg;Adapted from orginal
Luna (yacht);Yacht_Luna_Lloyd_shipyard.jpg;Garitzko;Public domain;https://commons.wikimedia.org/wiki/File:Yacht_Luna_Lloyd_shipyard.jpg;Adapted from orginal
Luna (yacht);Question_book-new.svg;en:User:Saranphat.cha;http://creativecommons.org/licenses/by-sa/3.0/;https://commons.wikimedia.org/wiki/File:Question_book-new.svg;Adapted from orginal
Luna (yacht);Flag_of_the_Marshall_Islands.svg;SKopp;Public domain;https://commons.wikimedia.org/wiki/File:Flag_of_the_Marshall_Islands.svg;Adapted from orginal
Luna (yacht);Yacht_Luna_Lloyd_shipyard.jpg;Garitzko;Public domain;https://commons.wikimedia.org/wiki/File:Yacht_Luna_Lloyd_shipyard.jpg;Adapted from orginal
Luna (yacht);Question_book-new.svg;en:User:Saranphat.cha;http://creativecommons.org/licenses/by-sa/3.0/;https://commons.wikimedia.org/wiki/File:Question_book-new.svg;Adapted from orginal
Luna B;Civil_Ensign_of_the_Cayman_Islands.svg;Great Brightstar;Public domain;https://commons.wikimedia.org/wiki/File:Civil_Ensign_of_the_Cayman_Islands.svg;Adapted from orginal
Luna B;Natita_in_antibes.JPG;Abxbay;https://creativecommons.org/licenses/by-sa/3.0;https://commons.wikimedia.org/wiki/File:Natita_in_antibes.JPG;Adapted from orginal
Lürssen;1343_Azzam.jpg;Gerd Fahrenhorst;https://creativecommons.org/licenses/by/3.0;https://commons.wikimedia.org/wiki/File:1343_Azzam.jpg;Adapted from orginal
Lürssen;1974_Schnellboote_Kl._141.jpg;Bungert55;https://creativecommons.org/licenses/by-sa/3.0;https://commons.wikimedia.org/wiki/File:1974_Schnellboote_Kl._141.jpg;Adapted from orginal
Lürssen;2017-06-11_Luxusyacht_AURORA_bei_der_Lürssen-Werft_Schacht-Audorf_(2122).jpg;Eduard47;https://creativecommons.org/licenses/by-sa/4.0;https://commons.wikimedia.org/wiki/File:2017-06-11_Luxusyacht_AURORA_bei_der_L%C3%BCrssen-Werft_Schacht-Audorf_(2122).jpg;Adapted from orginal
Lürssen;ARA_Intrepida_(P_85).jpg;Conchi García Suarez;https://creativecommons.org/licenses/by-sa/3.0;https://commons.wikimedia.org/wiki/File:ARA_Intrepida_(P_85).jpg;Adapted from orginal
Lürssen;Bundespräsident_Gustav_Heinemann_besucht_die_WERRA_(A_68)_im_Tirpitzhafen_zur_Kieler_Woche_1971_(Kiel_49.143).jpg;Magnussen, Friedrich (1914-1987);https://creativecommons.org/licenses/by-sa/3.0/de/deed.en;https://commons.wikimedia.org/wiki/File:Bundespr%C3%A4sident_Gustav_Heinemann_besucht_die_WERRA_(A_68)_im_Tirpitzhafen_zur_Kieler_Woche_1971_(Kiel_49.143).jpg;Adapted from orginal
Lürssen;Chl_LM39.jpg;Richard Brito;https://creativecommons.org/licenses/by/3.0;https://commons.wikimedia.org/wiki/File:Chl_LM39.jpg;Adapted from orginal
Dilbar;Dilbar-Barcelona_2017.jpg;Alberto-g-rovi;https://creativecommons.org/licenses/by/3.0;https://commons.wikimedia.org/wiki/File:Dilbar-Barcelona_2017.jpg;Adapted from orginal
Lürssen;Fregatte_F222_msu2017-8716.jpg;User:Matthias Süßen;https://creativecommons.org/licenses/by-sa/4.0;https://commons.wikimedia.org/wiki/File:Fregatte_F222_msu2017-8716.jpg;Adapted from orginal
Lürssen;German_Motor_Torpedo_Boat_underway_at_speed_prior_to_1939.jpg;Unknown author;Public domain;https://commons.wikimedia.org/wiki/File:German_Motor_Torpedo_Boat_underway_at_speed_prior_to_1939.jpg;Adapted from orginal
Lürssen;Industry5.svg;Tsaoja;http://creativecommons.org/publicdomain/zero/1.0/deed.en;https://commons.wikimedia.org/wiki/File:Industry5.svg;Adapted from orginal
Lürssen;Jaguar_-_Dommel.jpg;אדמירל הנס פרנק צי גרמניה;https://creativecommons.org/licenses/by-sa/3.0;https://commons.wikimedia.org/wiki/File:Jaguar_-_Dommel.jpg;Adapted from orginal
Lürssen;KDB_Darulehsan.jpg;DeltaSquad833;https://creativecommons.org/licenses/by-sa/4.0;https://commons.wikimedia.org/wiki/File:KDB_Darulehsan.jpg;Adapted from orginal
Lürssen;KDB_Syafaat_(FPB-19).jpg;Lürssen Defence;https://creativecommons.org/licenses/by-sa/4.0;https://commons.wikimedia.org/wiki/File:KDB_Syafaat_(FPB-19).jpg;Adapted from orginal
Lürssen;"London_MMB_»295_City_Canal_and_""Kismet"".jpg";;https://creativecommons.org/licenses/by-sa/4.0;https://commons.wikimedia.org/wiki/File:London_MMB_%C2%BB295_City_Canal_and_%22Kismet%22.jpg;Adapted from orginal
Lürssen;Lürssen.jpg;Xocolatl;Public domain;https://commons.wikimedia.org/wiki/File:L%C3%BCrssen.jpg;Adapted from orginal
Lürssen;Lürssen_in_Schacht-Audorf.jpg;Wusel007;https://creativecommons.org/licenses/by-sa/3.0;https://commons.wikimedia.org/wiki/File:L%C3%BCrssen_in_Schacht-Audorf.jpg;Adapted from orginal
Lürssen;Lürssen_logo.png;FastilyClone;Public domain;https://commons.wikimedia.org/wiki/File:L%C3%BCrssen_logo.png;Adapted from orginal
Lürssen;M1063_Bad_Bevensen_Minenjagdboot_der_Frankenthal-Klasse_der_Bundeswehr_(16557472387).jpg;free photos;https://creativecommons.org/licenses/by/2.0;https://commons.wikimedia.org/wiki/File:M1063_Bad_Bevensen_Minenjagdboot_der_Frankenthal-Klasse_der_Bundeswehr_(16557472387).jpg;Adapted from orginal
Lürssen;M1090_Pegnitz_Nord-Ostsee-Kanal_1.JPG;Wusel007;https://creativecommons.org/licenses/by-sa/3.0;https://commons.wikimedia.org/wiki/File:M1090_Pegnitz_Nord-Ostsee-Kanal_1.JPG;Adapted from orginal
Lürssen;Megayacht_Octopus.jpg;Mattes;http://creativecommons.org/licenses/by-sa/3.0/;https://commons.wikimedia.org/wiki/File:Megayacht_Octopus.jpg;Adapted from orginal
Lürssen;Minenjagdboot_Grömitz.JPG;Alureiter~commonswiki;http://creativecommons.org/licenses/by-sa/3.0/;https://commons.wikimedia.org/wiki/File:Minenjagdboot_Gr%C3%B6mitz.JPG;Adapted from orginal
Lürssen;Noun-technology.svg;yieshazea2;https://creativecommons.org/licenses/by/3.0;https://commons.wikimedia.org/wiki/File:Noun-technology.svg;Adapted from orginal
Lürssen;Nuvola_apps_kcmsystem.svg;MesserWoland;http://www.gnu.org/licenses/lgpl.html;https://commons.wikimedia.org/wiki/File:Nuvola_apps_kcmsystem.svg;Adapted from orginal
Lürssen;Nuvola_apps_ksysv_square.svg;Bear17;http://www.gnu.org/licenses/lgpl.html;https://commons.wikimedia.org/wiki/File:Nuvola_apps_ksysv_square.svg;Adapted from orginal
Lürssen;Pelorus.JPG;WalkerBoh;https://creativecommons.org/licenses/by/2.5;https://commons.wikimedia.org/wiki/File:Pelorus.JPG;Adapted from orginal
Lürssen;RADIANT_1324.jpg;Ein Dahmer;https://creativecommons.org/licenses/by-sa/4.0;https://commons.wikimedia.org/wiki/File:RADIANT_1324.jpg;Adapted from orginal
Lürssen;RSS_Valiant_sails_next_to_the_aircraft_carrier_USS_Theodore_Roosevelt.jpg;U.S. Navy photo by Mass Communication Specialist Seaman Michael Colemanberry;Public domain;https://commons.wikimedia.org/wiki/File:RSS_Valiant_sails_next_to_the_aircraft_carrier_USS_Theodore_Roosevelt.jpg;Adapted from orginal
Lürssen;Republic_of_Singapore_Navy_missile_gunboat_RSS_Sea_Dragon_(P78)_at_Changi_Naval_Base,_Singapore_-_20070527.jpg;Huaiwei;http://creativecommons.org/licenses/by-sa/3.0/;https://commons.wikimedia.org/wiki/File:Republic_of_Singapore_Navy_missile_gunboat_RSS_Sea_Dragon_(P78)_at_Changi_Naval_Base,_Singapore_-_20070527.jpg;Adapted from orginal
Lürssen;Rising_Sun_Yacht.JPG;User:Svedenhaus;http://creativecommons.org/licenses/by-sa/3.0/;https://commons.wikimedia.org/wiki/File:Rising_Sun_Yacht.JPG;Adapted from orginal
Lürssen;Räumboot_Algol.jpg;Werner Willmann;Public domain;https://commons.wikimedia.org/wiki/File:R%C3%A4umboot_Algol.jpg;Adapted from orginal
Lürssen;S62_Falke.jpeg;Dominik.Tefert;Public domain;https://commons.wikimedia.org/wiki/File:S62_Falke.jpeg;Adapted from orginal
Lürssen;TCG_P-336_Zıpkın_20171029_(5).jpg;Sakhalinio;https://creativecommons.org/licenses/by-sa/4.0;https://commons.wikimedia.org/wiki/File:TCG_P-336_Z%C4%B1pk%C4%B1n_20171029_(5).jpg;Adapted from orginal
Lürssen;Yacht_Eos_Dartmouth_Feb_2008.jpg;Simon.pooley;https://creativecommons.org/licenses/by-sa/3.0;https://commons.wikimedia.org/wiki/File:Yacht_Eos_Dartmouth_Feb_2008.jpg;Adapted from orginal
Lürssen;Flag_of_Germany.svg;User:SKopp;Public domain;https://commons.wikimedia.org/wiki/File:Flag_of_Germany.svg;Adapted from orginal
Lürssen;OOjs_UI_icon_edit-ltr-progressive.svg;https://phabricator.wikimedia.org/diffusion/GOJU/browse/master/AUTHORS.txt;http://opensource.org/licenses/mit-license.php;https://commons.wikimedia.org/wiki/File:OOjs_UI_icon_edit-ltr-progressive.svg;Adapted from orginal
Madame Gu;Civil_Ensign_of_the_Cayman_Islands.svg;Great Brightstar;Public domain;https://commons.wikimedia.org/wiki/File:Civil_Ensign_of_the_Cayman_Islands.svg;Adapted from orginal
Madame Gu;Madame_Gu.jpg;Simpacker;https://creativecommons.org/licenses/by-sa/3.0;https://commons.wikimedia.org/wiki/File:Madame_Gu.jpg;Adapted from orginal
Maltese Falcon (yacht);Flag_of_Malta.svg;;Public domain;https://commons.wikimedia.org/wiki/File:Flag_of_Malta.svg;Adapted from orginal
Maltese Falcon (yacht);Maltese_Falcon_masts.jpg;Gaetan Lee;https://creativecommons.org/licenses/by/2.0;https://commons.wikimedia.org/wiki/File:Maltese_Falcon_masts.jpg;Adapted from orginal
Maltese Falcon (yacht);Maltese_Falcon_sailboat_-_2_(3656924056).jpg;David Orban;https://creativecommons.org/licenses/by/2.0;https://commons.wikimedia.org/wiki/File:Maltese_Falcon_sailboat_-_2_(3656924056).jpg;Adapted from orginal
Maltese Falcon (yacht);Text_document_with_red_question_mark.svg;bdesham;Public domain;https://commons.wikimedia.org/wiki/File:Text_document_with_red_question_mark.svg;Adapted from orginal
Maltese Falcon (yacht);The_Maltese_Falcon_(2906785674).jpg;lj16;https://creativecommons.org/licenses/by/2.0;https://commons.wikimedia.org/wiki/File:The_Maltese_Falcon_(2906785674).jpg;Adapted from orginal
Maltese Falcon (yacht);Commons-logo.svg;Reidab;https://creativecommons.org/licenses/by-sa/3.0;https://commons.wikimedia.org/wiki/File:Commons-logo.svg;Adapted from orginal
Maria (given name);Dante_Gabriel_Rossetti_-_Ecce_Ancilla_Domini!_-_Google_Art_Project.jpg;;Public domain;https://commons.wikimedia.org/wiki/File:Dante_Gabriel_Rossetti_-_Ecce_Ancilla_Domini!_-_Google_Art_Project.jpg;Adapted from orginal
Maria (given name);WPanthroponymy.svg;penubag;Public domain;https://commons.wikimedia.org/wiki/File:WPanthroponymy.svg;Adapted from orginal
Maria (given name);Edit-clear.svg;The people from the Tango! project;Public domain;https://commons.wikimedia.org/wiki/File:Edit-clear.svg;Adapted from orginal
Maria (given name);Sassoferrato_-_Jungfrun_i_bön.jpg;;Public domain;https://commons.wikimedia.org/wiki/File:Sassoferrato_-_Jungfrun_i_b%C3%B6n.jpg;Adapted from orginal
Maryah (Original Name);N/A;;;;Adapted from orginal
Mirabella V;Flag_of_the_Isle_of_Man.svg;Reisio;http://creativecommons.org/publicdomain/zero/1.0/deed.en;https://commons.wikimedia.org/wiki/File:Flag_of_the_Isle_of_Man.svg;Adapted from orginal
Mirabella V;M5_in_Venice.jpg;Porterjoanna;https://creativecommons.org/licenses/by-sa/4.0;https://commons.wikimedia.org/wiki/File:M5_in_Venice.jpg;Adapted from orginal
Mirabella V;Mirabella_V_at_Rinia.jpg;ArnoWinter;https://creativecommons.org/licenses/by/3.0;https://commons.wikimedia.org/wiki/File:Mirabella_V_at_Rinia.jpg;Adapted from orginal
Mirabella V;Flag_of_the_Isle_of_Man.svg;Reisio;http://creativecommons.org/publicdomain/zero/1.0/deed.en;https://commons.wikimedia.org/wiki/File:Flag_of_the_Isle_of_Man.svg;Adapted from orginal
Mirabella V;M5_in_Venice.jpg;Porterjoanna;https://creativecommons.org/licenses/by-sa/4.0;https://commons.wikimedia.org/wiki/File:M5_in_Venice.jpg;Adapted from orginal
Mirabella V;Mirabella_V_at_Rinia.jpg;ArnoWinter;https://creativecommons.org/licenses/by/3.0;https://commons.wikimedia.org/wiki/File:Mirabella_V_at_Rinia.jpg;Adapted from orginal
Monkey Business (yacht);N/A;;;;Adapted from orginal
Musashi (yacht);Civil_Ensign_of_the_Cayman_Islands.svg;Great Brightstar;Public domain;https://commons.wikimedia.org/wiki/File:Civil_Ensign_of_the_Cayman_Islands.svg;Adapted from orginal
Musashi (yacht);Musashi_(7248214726).jpg;Tony Hisgett;https://creativecommons.org/licenses/by/2.0;https://commons.wikimedia.org/wiki/File:Musashi_(7248214726).jpg;Adapted from orginal
MySky;Earth-moon.jpg;Apollo 8;Public domain;https://commons.wikimedia.org/wiki/File:Earth-moon.jpg;Adapted from orginal
MySky;He1523a.jpg;ESO, European Southern Observatory;https://creativecommons.org/licenses/by/4.0;https://commons.wikimedia.org/wiki/File:He1523a.jpg;Adapted from orginal
MySky;Planet_-_The_Noun_Project.svg;Romeo Barreto;http://creativecommons.org/publicdomain/zero/1.0/deed.en;https://commons.wikimedia.org/wiki/File:Planet_-_The_Noun_Project.svg;Adapted from orginal
MySky;RocketSunIcon.svg;Me;Copyrighted free use;https://commons.wikimedia.org/wiki/File:RocketSunIcon.svg;Adapted from orginal
MySky;Solar_system.jpg;NASA/JPL;Public domain;https://commons.wikimedia.org/wiki/File:Solar_system.jpg;Adapted from orginal
MySky;Crab_Nebula.jpg;NASA;Public domain;https://commons.wikimedia.org/wiki/File:Crab_Nebula.jpg;Adapted from orginal
MySky;Question_book-new.svg;en:User:Saranphat.cha;http://creativecommons.org/licenses/by-sa/3.0/;https://commons.wikimedia.org/wiki/File:Question_book-new.svg;Adapted from orginal
Nahlin (yacht);Civil_Ensign_of_the_Isle_of_Man.svg;User:Denelson83;Public domain;https://commons.wikimedia.org/wiki/File:Civil_Ensign_of_the_Isle_of_Man.svg;Adapted from orginal
Nahlin (yacht);Civil_Ensign_of_the_United_Kingdom.svg;Great Brightstar;Public domain;https://commons.wikimedia.org/wiki/File:Civil_Ensign_of_the_United_Kingdom.svg;Adapted from orginal
Nahlin (yacht);Flag_of_Romania.svg;AdiJapan;Public domain;https://commons.wikimedia.org/wiki/File:Flag_of_Romania.svg;Adapted from orginal
Nahlin (yacht);ICS_Bravo.svg;Denelson83;Public domain;https://commons.wikimedia.org/wiki/File:ICS_Bravo.svg;Adapted from orginal
Nahlin (yacht);ICS_Foxtrot.svg;Sarang;Public domain;https://commons.wikimedia.org/wiki/File:ICS_Foxtrot.svg;Adapted from orginal
Nahlin (yacht);ICS_Golf.svg;Clindberg;Public domain;https://commons.wikimedia.org/wiki/File:ICS_Golf.svg;Adapted from orginal
Nahlin (yacht);ICS_Lima.svg;Denelson83;Public domain;https://commons.wikimedia.org/wiki/File:ICS_Lima.svg;Adapted from orginal
Nahlin (yacht);ICS_Papa.svg;Clindberg;Public domain;https://commons.wikimedia.org/wiki/File:ICS_Papa.svg;Adapted from orginal
Nahlin (yacht);Kikötő_a_Dunán,_Libertatea_yacht._Fortepan_75133.jpg;ID 75133;https://creativecommons.org/licenses/by-sa/3.0;https://commons.wikimedia.org/wiki/File:Kik%C3%B6t%C5%91_a_Dun%C3%A1n,_Libertatea_yacht._Fortepan_75133.jpg;Adapted from orginal
Nahlin (yacht);Steam_Yacht_Nahlin_-_Clarence_Graving_Dock_-_geograph.org.uk_-_4256770.jpg;Chris Allen;https://creativecommons.org/licenses/by-sa/2.0;https://commons.wikimedia.org/wiki/File:Steam_Yacht_Nahlin_-_Clarence_Graving_Dock_-_geograph.org.uk_-_4256770.jpg;Adapted from orginal
Nahlin (yacht);Yacht_Nahlin_3.jpg;SteKrueBe;https://creativecommons.org/licenses/by-sa/3.0;https://commons.wikimedia.org/wiki/File:Yacht_Nahlin_3.jpg;Adapted from orginal
Nahlin (yacht);Yacht_Nahlin_in_der_Ägäis_2017.jpg;Franz62DE;https://creativecommons.org/licenses/by-sa/4.0;https://commons.wikimedia.org/wiki/File:Yacht_Nahlin_in_der_%C3%84g%C3%A4is_2017.jpg;Adapted from orginal
New Secret;Flag_of_the_Marshall_Islands.svg;SKopp;Public domain;https://commons.wikimedia.org/wiki/File:Flag_of_the_Marshall_Islands.svg;Adapted from orginal
New Secret;Yacht_NEW_SECRET_en_mer_de_Casablanca.jpg;Farid mernissi;https://creativecommons.org/licenses/by-sa/4.0;https://commons.wikimedia.org/wiki/File:Yacht_NEW_SECRET_en_mer_de_Casablanca.jpg;Adapted from orginal
New Secret;Commons-logo.svg;Reidab;https://creativecommons.org/licenses/by-sa/3.0;https://commons.wikimedia.org/wiki/File:Commons-logo.svg;Adapted from orginal
Nobiskrug;Industry5.svg;Tsaoja;http://creativecommons.org/publicdomain/zero/1.0/deed.en;https://commons.wikimedia.org/wiki/File:Industry5.svg;Adapted from orginal
Nobiskrug;MV-Tatoosh---La-Rochelle.jpg;;https://creativecommons.org/licenses/by-sa/2.5;https://commons.wikimedia.org/wiki/File:MV-Tatoosh---La-Rochelle.jpg;Adapted from orginal
Nobiskrug;Mogambo_in_Rendsburg_1.JPG;Wusel007;https://creativecommons.org/licenses/by-sa/3.0;https://commons.wikimedia.org/wiki/File:Mogambo_in_Rendsburg_1.JPG;Adapted from orginal
Nobiskrug;Motoryacht_MOGAMBO.jpg;Nobiskruggmbh;https://creativecommons.org/licenses/by-sa/4.0;https://commons.wikimedia.org/wiki/File:Motoryacht_MOGAMBO.jpg;Adapted from orginal
Nobiskrug;Nobiskrug_Artefact_.jpg;Kieler seagull;https://creativecommons.org/licenses/by-sa/4.0;https://commons.wikimedia.org/wiki/File:Nobiskrug_Artefact_.jpg;Adapted from orginal
Nobiskrug;Nobiskrug_Sailing_Yacht_A_©_S._Geraci.jpg;Kieler seagull;https://creativecommons.org/licenses/by-sa/4.0;https://commons.wikimedia.org/wiki/File:Nobiskrug_Sailing_Yacht_A_%C2%A9_S._Geraci.jpg;Adapted from orginal
Nobiskrug;Noun-technology.svg;yieshazea2;https://creativecommons.org/licenses/by/3.0;https://commons.wikimedia.org/wiki/File:Noun-technology.svg;Adapted from orginal
Nobiskrug;Nuvola_apps_kcmsystem.svg;MesserWoland;http://www.gnu.org/licenses/lgpl.html;https://commons.wikimedia.org/wiki/File:Nuvola_apps_kcmsystem.svg;Adapted from orginal
Nobiskrug;Nuvola_apps_ksysv_square.svg;Bear17;http://www.gnu.org/licenses/lgpl.html;https://commons.wikimedia.org/wiki/File:Nuvola_apps_ksysv_square.svg;Adapted from orginal
Nobiskrug;SYCARA_V_superyacht,_initially_built_by_Nobiskrug.jpg;Yohann Flavier;https://creativecommons.org/licenses/by-sa/4.0;https://commons.wikimedia.org/wiki/File:SYCARA_V_superyacht,_initially_built_by_Nobiskrug.jpg;Adapted from orginal
Nobiskrug;Sailing_Yacht_A,_starboard.jpg;Feliz;https://creativecommons.org/licenses/by-sa/4.0;https://commons.wikimedia.org/wiki/File:Sailing_Yacht_A,_starboard.jpg;Adapted from orginal
Nobiskrug;Ships_in_Antibes-002.jpg;Abxbay;https://creativecommons.org/licenses/by-sa/4.0;https://commons.wikimedia.org/wiki/File:Ships_in_Antibes-002.jpg;Adapted from orginal
Nobiskrug;Vieux_port_Montrèal_2017_a_small.jpg;Sargoth;https://creativecommons.org/licenses/by-sa/4.0;https://commons.wikimedia.org/wiki/File:Vieux_port_Montr%C3%A8al_2017_a_small.jpg;Adapted from orginal
Nobiskrug;Flag_of_Germany.svg;User:SKopp;Public domain;https://commons.wikimedia.org/wiki/File:Flag_of_Germany.svg;Adapted from orginal
Nobiskrug;OOjs_UI_icon_edit-ltr-progressive.svg;https://phabricator.wikimedia.org/diffusion/GOJU/browse/master/AUTHORS.txt;http://opensource.org/licenses/mit-license.php;https://commons.wikimedia.org/wiki/File:OOjs_UI_icon_edit-ltr-progressive.svg;Adapted from orginal
Nobiskrug;Industry5.svg;Tsaoja;http://creativecommons.org/publicdomain/zero/1.0/deed.en;https://commons.wikimedia.org/wiki/File:Industry5.svg;Adapted from orginal
Nobiskrug;MV-Tatoosh---La-Rochelle.jpg;;https://creativecommons.org/licenses/by-sa/2.5;https://commons.wikimedia.org/wiki/File:MV-Tatoosh---La-Rochelle.jpg;Adapted from orginal
Nobiskrug;Mogambo_in_Rendsburg_1.JPG;Wusel007;https://creativecommons.org/licenses/by-sa/3.0;https://commons.wikimedia.org/wiki/File:Mogambo_in_Rendsburg_1.JPG;Adapted from orginal
Nobiskrug;Motoryacht_MOGAMBO.jpg;Nobiskruggmbh;https://creativecommons.org/licenses/by-sa/4.0;https://commons.wikimedia.org/wiki/File:Motoryacht_MOGAMBO.jpg;Adapted from orginal
Nobiskrug;Nobiskrug_Artefact_.jpg;Kieler seagull;https://creativecommons.org/licenses/by-sa/4.0;https://commons.wikimedia.org/wiki/File:Nobiskrug_Artefact_.jpg;Adapted from orginal
Nobiskrug;Nobiskrug_Sailing_Yacht_A_©_S._Geraci.jpg;Kieler seagull;https://creativecommons.org/licenses/by-sa/4.0;https://commons.wikimedia.org/wiki/File:Nobiskrug_Sailing_Yacht_A_%C2%A9_S._Geraci.jpg;Adapted from orginal
Nobiskrug;Noun-technology.svg;yieshazea2;https://creativecommons.org/licenses/by/3.0;https://commons.wikimedia.org/wiki/File:Noun-technology.svg;Adapted from orginal
Nobiskrug;Nuvola_apps_kcmsystem.svg;MesserWoland;http://www.gnu.org/licenses/lgpl.html;https://commons.wikimedia.org/wiki/File:Nuvola_apps_kcmsystem.svg;Adapted from orginal
Nobiskrug;Nuvola_apps_ksysv_square.svg;Bear17;http://www.gnu.org/licenses/lgpl.html;https://commons.wikimedia.org/wiki/File:Nuvola_apps_ksysv_square.svg;Adapted from orginal
Nobiskrug;SYCARA_V_superyacht,_initially_built_by_Nobiskrug.jpg;Yohann Flavier;https://creativecommons.org/licenses/by-sa/4.0;https://commons.wikimedia.org/wiki/File:SYCARA_V_superyacht,_initially_built_by_Nobiskrug.jpg;Adapted from orginal
Nobiskrug;Sailing_Yacht_A,_starboard.jpg;Feliz;https://creativecommons.org/licenses/by-sa/4.0;https://commons.wikimedia.org/wiki/File:Sailing_Yacht_A,_starboard.jpg;Adapted from orginal
Nobiskrug;Ships_in_Antibes-002.jpg;Abxbay;https://creativecommons.org/licenses/by-sa/4.0;https://commons.wikimedia.org/wiki/File:Ships_in_Antibes-002.jpg;Adapted from orginal
Nobiskrug;Vieux_port_Montrèal_2017_a_small.jpg;Sargoth;https://creativecommons.org/licenses/by-sa/4.0;https://commons.wikimedia.org/wiki/File:Vieux_port_Montr%C3%A8al_2017_a_small.jpg;Adapted from orginal
Nobiskrug;Flag_of_Germany.svg;User:SKopp;Public domain;https://commons.wikimedia.org/wiki/File:Flag_of_Germany.svg;Adapted from orginal
Nobiskrug;OOjs_UI_icon_edit-ltr-progressive.svg;https://phabricator.wikimedia.org/diffusion/GOJU/browse/master/AUTHORS.txt;http://opensource.org/licenses/mit-license.php;https://commons.wikimedia.org/wiki/File:OOjs_UI_icon_edit-ltr-progressive.svg;Adapted from orginal
Nord (yacht);Nord_IMO_9853785_S_Hamburg_19-09-2021.jpg;Wolfgang Fricke;https://creativecommons.org/licenses/by/3.0;https://commons.wikimedia.org/wiki/File:Nord_IMO_9853785_S_Hamburg_19-09-2021.jpg;Adapted from orginal
Nord (yacht);Flag_of_Russia.svg;Zscout370;Public domain;https://commons.wikimedia.org/wiki/File:Flag_of_Russia.svg;Adapted from orginal
O'Mega (Original Name);N/A;;;;Adapted from orginal
Ocean Victory (yacht);Ambox_current_red_Asia_Australia.svg;andrybak;http://creativecommons.org/publicdomain/zero/1.0/deed.en;https://commons.wikimedia.org/wiki/File:Ambox_current_red_Asia_Australia.svg;Adapted from orginal
Ocean Victory (yacht);Galiote.jpg;Rama;Public domain;https://commons.wikimedia.org/wiki/File:Galiote.jpg;Adapted from orginal
Ocean Victory (yacht);MY-Langkawi-Ocean-Victory.jpg;Balou46;https://creativecommons.org/licenses/by-sa/4.0;https://commons.wikimedia.org/wiki/File:MY-Langkawi-Ocean-Victory.jpg;Adapted from orginal
Ocean Victory (yacht);Ambox_important.svg;Dsmurat;Public domain;https://commons.wikimedia.org/wiki/File:Ambox_important.svg;Adapted from orginal
Ocean Victory (yacht);Flag_of_Italy.svg;See below.;Public domain;https://commons.wikimedia.org/wiki/File:Flag_of_Italy.svg;Adapted from orginal
Ocean Victory (yacht);Question_book-new.svg;en:User:Saranphat.cha;http://creativecommons.org/licenses/by-sa/3.0/;https://commons.wikimedia.org/wiki/File:Question_book-new.svg;Adapted from orginal
Octopus (yacht);20190801_Superyacht_Octopus_Hamburg.jpg;Agaran;https://creativecommons.org/licenses/by-sa/4.0;https://commons.wikimedia.org/wiki/File:20190801_Superyacht_Octopus_Hamburg.jpg;Adapted from orginal
Octopus (yacht);Civil_Ensign_of_the_Cayman_Islands.svg;Great Brightstar;Public domain;https://commons.wikimedia.org/wiki/File:Civil_Ensign_of_the_Cayman_Islands.svg;Adapted from orginal
Octopus (yacht);Octopus-yacht.jpg;Getallinfo;https://creativecommons.org/licenses/by-sa/3.0;https://commons.wikimedia.org/wiki/File:Octopus-yacht.jpg;Adapted from orginal
Octopus (yacht);OctopusYacht.JPG;Metallion;https://creativecommons.org/licenses/by-sa/3.0;https://commons.wikimedia.org/wiki/File:OctopusYacht.JPG;Adapted from orginal
Octopus (yacht);Port_Vauban_et_citadelle_d'Antibes_depuis_le_Fort_carré.jpg;Plyd;Public domain;https://commons.wikimedia.org/wiki/File:Port_Vauban_et_citadelle_d%27Antibes_depuis_le_Fort_carr%C3%A9.jpg;Adapted from orginal
Octopus (yacht);Commons-logo.svg;Reidab;https://creativecommons.org/licenses/by-sa/3.0;https://commons.wikimedia.org/wiki/File:Commons-logo.svg;Adapted from orginal
Octopus (yacht);Question_book-new.svg;en:User:Saranphat.cha;http://creativecommons.org/licenses/by-sa/3.0/;https://commons.wikimedia.org/wiki/File:Question_book-new.svg;Adapted from orginal
Olivia O (Original Name);N/A;;;;Adapted from orginal
Pelorus (yacht);Flag_of_Bermuda.svg;;Public domain;https://commons.wikimedia.org/wiki/File:Flag_of_Bermuda.svg;Adapted from orginal
Pelorus (yacht);Yacht_Pelorus_in_Croatia_-_02.jpg;;https://creativecommons.org/licenses/by/3.0;https://commons.wikimedia.org/wiki/File:Yacht_Pelorus_in_Croatia_-_02.jpg;Adapted from orginal
Pelorus (yacht);Commons-logo.svg;Reidab;https://creativecommons.org/licenses/by-sa/3.0;https://commons.wikimedia.org/wiki/File:Commons-logo.svg;Adapted from orginal
Prince Abdulaziz (yacht);Galiote.jpg;Rama;Public domain;https://commons.wikimedia.org/wiki/File:Galiote.jpg;Adapted from orginal
Prince Abdulaziz (yacht);Prince_Abdulaziz_Yacht_Malta_2006.jpg;user:Mecil;https://creativecommons.org/licenses/by/3.0;https://commons.wikimedia.org/wiki/File:Prince_Abdulaziz_Yacht_Malta_2006.jpg;Adapted from orginal
Queen Miri (Original Name);N/A;;;;Adapted from orginal
Radiant (yacht);Civil_Ensign_of_the_Cayman_Islands.svg;Great Brightstar;Public domain;https://commons.wikimedia.org/wiki/File:Civil_Ensign_of_the_Cayman_Islands.svg;Adapted from orginal
Radiant (yacht);Radiant.JPG;Thomas Gramm;https://creativecommons.org/licenses/by-sa/3.0;https://commons.wikimedia.org/wiki/File:Radiant.JPG;Adapted from orginal
Rising Sun (yacht);Rising_Sun_(yacht)_2006.jpg;Flickr user reivax;https://creativecommons.org/licenses/by-sa/2.0;https://commons.wikimedia.org/wiki/File:Rising_Sun_(yacht)_2006.jpg;Adapted from orginal
Rising Sun (yacht);Rising_Sun_Yacht.JPG;User:Svedenhaus;http://creativecommons.org/licenses/by-sa/3.0/;https://commons.wikimedia.org/wiki/File:Rising_Sun_Yacht.JPG;Adapted from orginal
Rising Sun (yacht);Ships_docked_in_Puerto_Vallarta_Mexico.jpg;Anakondarh;https://creativecommons.org/licenses/by-sa/4.0;https://commons.wikimedia.org/wiki/File:Ships_docked_in_Puerto_Vallarta_Mexico.jpg;Adapted from orginal
Rising Sun (yacht);Commons-logo.svg;Reidab;https://creativecommons.org/licenses/by-sa/3.0;https://commons.wikimedia.org/wiki/File:Commons-logo.svg;Adapted from orginal
Romea (yacht);Civil_Ensign_of_the_Cayman_Islands.svg;Great Brightstar;Public domain;https://commons.wikimedia.org/wiki/File:Civil_Ensign_of_the_Cayman_Islands.svg;Adapted from orginal
Romea (yacht);Yacht_Cape_Greco.jpg;kallerna;https://creativecommons.org/licenses/by-sa/4.0;https://commons.wikimedia.org/wiki/File:Yacht_Cape_Greco.jpg;Adapted from orginal
Royal Romance (yacht);Flag_of_the_Cayman_Islands.svg;Unknown author;Public domain;https://commons.wikimedia.org/wiki/File:Flag_of_the_Cayman_Islands.svg;Adapted from orginal
Royal Romance (yacht);Royal_Romance_(yacht).jpg;Tjerk Zweers;https://creativecommons.org/licenses/by/2.0;https://commons.wikimedia.org/wiki/File:Royal_Romance_(yacht).jpg;Adapted from orginal
Royal Romance (yacht);Commons-logo.svg;Reidab;https://creativecommons.org/licenses/by-sa/3.0;https://commons.wikimedia.org/wiki/File:Commons-logo.svg;Adapted from orginal
Samsara (yacht);Civil_Ensign_of_the_Cayman_Islands.svg;Great Brightstar;Public domain;https://commons.wikimedia.org/wiki/File:Civil_Ensign_of_the_Cayman_Islands.svg;Adapted from orginal
Samsara (yacht);Infinity_Yacht.jpg;Kees keessen;https://creativecommons.org/licenses/by-sa/4.0;https://commons.wikimedia.org/wiki/File:Infinity_Yacht.jpg;Adapted from orginal
Samsara (yacht);Samsara_Yacht.jpg;Davidley;http://creativecommons.org/publicdomain/zero/1.0/deed.en;https://commons.wikimedia.org/wiki/File:Samsara_Yacht.jpg;Adapted from orginal
Samsara (yacht);Text_document_with_red_question_mark.svg;bdesham;Public domain;https://commons.wikimedia.org/wiki/File:Text_document_with_red_question_mark.svg;Adapted from orginal
Samsara (yacht);Commons-logo.svg;Reidab;https://creativecommons.org/licenses/by-sa/3.0;https://commons.wikimedia.org/wiki/File:Commons-logo.svg;Adapted from orginal
Samsara (yacht);Civil_Ensign_of_the_Cayman_Islands.svg;Great Brightstar;Public domain;https://commons.wikimedia.org/wiki/File:Civil_Ensign_of_the_Cayman_Islands.svg;Adapted from orginal
Samsara (yacht);Infinity_Yacht.jpg;Kees keessen;https://creativecommons.org/licenses/by-sa/4.0;https://commons.wikimedia.org/wiki/File:Infinity_Yacht.jpg;Adapted from orginal
Samsara (yacht);Samsara_Yacht.jpg;Davidley;http://creativecommons.org/publicdomain/zero/1.0/deed.en;https://commons.wikimedia.org/wiki/File:Samsara_Yacht.jpg;Adapted from orginal
Samsara (yacht);Text_document_with_red_question_mark.svg;bdesham;Public domain;https://commons.wikimedia.org/wiki/File:Text_document_with_red_question_mark.svg;Adapted from orginal
Samsara (yacht);Commons-logo.svg;Reidab;https://creativecommons.org/licenses/by-sa/3.0;https://commons.wikimedia.org/wiki/File:Commons-logo.svg;Adapted from orginal
Saraiva;WPanthroponymy.svg;penubag;Public domain;https://commons.wikimedia.org/wiki/File:WPanthroponymy.svg;Adapted from orginal
Saraiva;20121001185414!WPanthroponymy.svg;;;;Adapted from orginal
Savannah (yacht);Civil_Ensign_of_the_Cayman_Islands.svg;Great Brightstar;Public domain;https://commons.wikimedia.org/wiki/File:Civil_Ensign_of_the_Cayman_Islands.svg;Adapted from orginal
Savannah (yacht);Large_yacht_Savannah_in_the_gulf_of_la_Spezia.jpg;Tangopaso;Public domain;https://commons.wikimedia.org/wiki/File:Large_yacht_Savannah_in_the_gulf_of_la_Spezia.jpg;Adapted from orginal
Scheherazade (yacht);Civil_Ensign_of_the_Cayman_Islands.svg;Great Brightstar;Public domain;https://commons.wikimedia.org/wiki/File:Civil_Ensign_of_the_Cayman_Islands.svg;Adapted from orginal
Scheherazade (yacht);Projekt_Lightning_Screenshot_DrDuu.jpg;DrDuu 007;https://creativecommons.org/licenses/by-sa/4.0;https://commons.wikimedia.org/wiki/File:Projekt_Lightning_Screenshot_DrDuu.jpg;Adapted from orginal
Sea Cloud;Carlton_Skinner_on_Sea_Cloud.jpg;U.S. Coast Guard;Public domain;https://commons.wikimedia.org/wiki/File:Carlton_Skinner_on_Sea_Cloud.jpg;Adapted from orginal
Sea Cloud;Civil_Ensign_of_Malta.svg;Sarang;Public domain;https://commons.wikimedia.org/wiki/File:Civil_Ensign_of_Malta.svg;Adapted from orginal
Sea Cloud;Flag_of_Panama.svg;Zscout370;Public domain;https://commons.wikimedia.org/wiki/File:Flag_of_Panama.svg;Adapted from orginal
Sea Cloud;Flag_of_the_Dominican_Republic.svg;;Public domain;https://commons.wikimedia.org/wiki/File:Flag_of_the_Dominican_Republic.svg;Adapted from orginal
Sea Cloud;Flag_of_the_United_States_(1912-1959).svg;jacobolus;Public domain;https://commons.wikimedia.org/wiki/File:Flag_of_the_United_States_(1912-1959).svg;Adapted from orginal
Sea Cloud;Flag_of_the_United_States_Coast_Guard.svg;U.S. Army Institute of Heraldry;Public domain;https://commons.wikimedia.org/wiki/File:Flag_of_the_United_States_Coast_Guard.svg;Adapted from orginal
Sea Cloud;Sea_Cloud.jpg;United States Coast Guard;Public domain;https://commons.wikimedia.org/wiki/File:Sea_Cloud.jpg;Adapted from orginal
Sea Cloud;Sea_Cloud_Cabin_1.jpg;Oceanhistory;https://creativecommons.org/licenses/by-sa/4.0;https://commons.wikimedia.org/wiki/File:Sea_Cloud_Cabin_1.jpg;Adapted from orginal
Sea Cloud;Sea_Cloud_I.jpg;BaS;Public domain;https://commons.wikimedia.org/wiki/File:Sea_Cloud_I.jpg;Adapted from orginal
Sea Cloud;Sea_Cloud_cabin.jpg;Oceanhistory;https://creativecommons.org/licenses/by-sa/4.0;https://commons.wikimedia.org/wiki/File:Sea_Cloud_cabin.jpg;Adapted from orginal
Sea Cloud;Sea_Cloud_eagle.jpg;Oceanhistory;https://creativecommons.org/licenses/by-sa/4.0;https://commons.wikimedia.org/wiki/File:Sea_Cloud_eagle.jpg;Adapted from orginal
Sea Cloud;Sea_cloud_bridge.jpg;Oceanhistory;https://creativecommons.org/licenses/by-sa/4.0;https://commons.wikimedia.org/wiki/File:Sea_cloud_bridge.jpg;Adapted from orginal
Sea Cloud;Flag_of_the_United_States_(1912-1959).svg;jacobolus;Public domain;https://commons.wikimedia.org/wiki/File:Flag_of_the_United_States_(1912-1959).svg;Adapted from orginal
Sea Cloud;Wikisource-logo.svg;;https://creativecommons.org/licenses/by-sa/3.0;https://commons.wikimedia.org/wiki/File:Wikisource-logo.svg;Adapted from orginal
Sea Cloud;Commons-logo.svg;Reidab;https://creativecommons.org/licenses/by-sa/3.0;https://commons.wikimedia.org/wiki/File:Commons-logo.svg;Adapted from orginal
Sea Cloud;Flag_of_Germany.svg;User:SKopp;Public domain;https://commons.wikimedia.org/wiki/File:Flag_of_Germany.svg;Adapted from orginal
Sea Cloud;Flag_of_the_United_Kingdom.svg;Unknown;Public domain;https://commons.wikimedia.org/wiki/File:Flag_of_the_United_Kingdom_(3-5).svg;Adapted from orginal
Sea Cloud;Flag_of_the_United_States.svg;Dbenbenn;Public domain;https://commons.wikimedia.org/wiki/File:Flag_of_the_United_States.svg;Adapted from orginal
Sea Cloud;Symbol_support_vote.svg;Zscout370;Public domain;https://commons.wikimedia.org/wiki/File:Symbol_support_vote.svg;Adapted from orginal
Sea Cloud;Carlton_Skinner_on_Sea_Cloud.jpg;U.S. Coast Guard;Public domain;https://commons.wikimedia.org/wiki/File:Carlton_Skinner_on_Sea_Cloud.jpg;Adapted from orginal
Sea Cloud;Civil_Ensign_of_Malta.svg;Sarang;Public domain;https://commons.wikimedia.org/wiki/File:Civil_Ensign_of_Malta.svg;Adapted from orginal
Sea Cloud;Flag_of_Panama.svg;Zscout370;Public domain;https://commons.wikimedia.org/wiki/File:Flag_of_Panama.svg;Adapted from orginal
Sea Cloud;Flag_of_the_Dominican_Republic.svg;;Public domain;https://commons.wikimedia.org/wiki/File:Flag_of_the_Dominican_Republic.svg;Adapted from orginal
Sea Cloud;Flag_of_the_United_States_(1912-1959).svg;jacobolus;Public domain;https://commons.wikimedia.org/wiki/File:Flag_of_the_United_States_(1912-1959).svg;Adapted from orginal
Sea Cloud;Flag_of_the_United_States_Coast_Guard.svg;U.S. Army Institute of Heraldry;Public domain;https://commons.wikimedia.org/wiki/File:Flag_of_the_United_States_Coast_Guard.svg;Adapted from orginal
Sea Cloud;Sea_Cloud.jpg;United States Coast Guard;Public domain;https://commons.wikimedia.org/wiki/File:Sea_Cloud.jpg;Adapted from orginal
Sea Cloud;Sea_Cloud_Cabin_1.jpg;Oceanhistory;https://creativecommons.org/licenses/by-sa/4.0;https://commons.wikimedia.org/wiki/File:Sea_Cloud_Cabin_1.jpg;Adapted from orginal
Sea Cloud;Sea_Cloud_I.jpg;BaS;Public domain;https://commons.wikimedia.org/wiki/File:Sea_Cloud_I.jpg;Adapted from orginal
Sea Cloud;Sea_Cloud_cabin.jpg;Oceanhistory;https://creativecommons.org/licenses/by-sa/4.0;https://commons.wikimedia.org/wiki/File:Sea_Cloud_cabin.jpg;Adapted from orginal
Sea Cloud;Sea_Cloud_eagle.jpg;Oceanhistory;https://creativecommons.org/licenses/by-sa/4.0;https://commons.wikimedia.org/wiki/File:Sea_Cloud_eagle.jpg;Adapted from orginal
Sea Cloud;Sea_cloud_bridge.jpg;Oceanhistory;https://creativecommons.org/licenses/by-sa/4.0;https://commons.wikimedia.org/wiki/File:Sea_cloud_bridge.jpg;Adapted from orginal
Sea Cloud;Flag_of_the_United_States_(1912-1959).svg;jacobolus;Public domain;https://commons.wikimedia.org/wiki/File:Flag_of_the_United_States_(1912-1959).svg;Adapted from orginal
Sea Cloud;Wikisource-logo.svg;;https://creativecommons.org/licenses/by-sa/3.0;https://commons.wikimedia.org/wiki/File:Wikisource-logo.svg;Adapted from orginal
Sea Cloud;Commons-logo.svg;Reidab;https://creativecommons.org/licenses/by-sa/3.0;https://commons.wikimedia.org/wiki/File:Commons-logo.svg;Adapted from orginal
Sea Cloud;Flag_of_Germany.svg;User:SKopp;Public domain;https://commons.wikimedia.org/wiki/File:Flag_of_Germany.svg;Adapted from orginal
Sea Cloud;Flag_of_the_United_Kingdom.svg;Unknown;Public domain;https://commons.wikimedia.org/wiki/File:Flag_of_the_United_Kingdom_(3-5).svg;Adapted from orginal
Sea Cloud;Flag_of_the_United_States.svg;Dbenbenn;Public domain;https://commons.wikimedia.org/wiki/File:Flag_of_the_United_States.svg;Adapted from orginal
Sea Cloud;Symbol_support_vote.svg;Zscout370;Public domain;https://commons.wikimedia.org/wiki/File:Symbol_support_vote.svg;Adapted from orginal
Sea Cloud;Carlton_Skinner_on_Sea_Cloud.jpg;U.S. Coast Guard;Public domain;https://commons.wikimedia.org/wiki/File:Carlton_Skinner_on_Sea_Cloud.jpg;Adapted from orginal
Sea Cloud;Civil_Ensign_of_Malta.svg;Sarang;Public domain;https://commons.wikimedia.org/wiki/File:Civil_Ensign_of_Malta.svg;Adapted from orginal
Sea Cloud;Flag_of_Panama.svg;Zscout370;Public domain;https://commons.wikimedia.org/wiki/File:Flag_of_Panama.svg;Adapted from orginal
Sea Cloud;Flag_of_the_Dominican_Republic.svg;;Public domain;https://commons.wikimedia.org/wiki/File:Flag_of_the_Dominican_Republic.svg;Adapted from orginal
Sea Cloud;Flag_of_the_United_States_(1912-1959).svg;jacobolus;Public domain;https://commons.wikimedia.org/wiki/File:Flag_of_the_United_States_(1912-1959).svg;Adapted from orginal
Sea Cloud;Flag_of_the_United_States_Coast_Guard.svg;U.S. Army Institute of Heraldry;Public domain;https://commons.wikimedia.org/wiki/File:Flag_of_the_United_States_Coast_Guard.svg;Adapted from orginal
Sea Cloud;Sea_Cloud.jpg;United States Coast Guard;Public domain;https://commons.wikimedia.org/wiki/File:Sea_Cloud.jpg;Adapted from orginal
Sea Cloud;Sea_Cloud_Cabin_1.jpg;Oceanhistory;https://creativecommons.org/licenses/by-sa/4.0;https://commons.wikimedia.org/wiki/File:Sea_Cloud_Cabin_1.jpg;Adapted from orginal
Sea Cloud;Sea_Cloud_I.jpg;BaS;Public domain;https://commons.wikimedia.org/wiki/File:Sea_Cloud_I.jpg;Adapted from orginal
Sea Cloud;Sea_Cloud_cabin.jpg;Oceanhistory;https://creativecommons.org/licenses/by-sa/4.0;https://commons.wikimedia.org/wiki/File:Sea_Cloud_cabin.jpg;Adapted from orginal
Sea Cloud;Sea_Cloud_eagle.jpg;Oceanhistory;https://creativecommons.org/licenses/by-sa/4.0;https://commons.wikimedia.org/wiki/File:Sea_Cloud_eagle.jpg;Adapted from orginal
Sea Cloud;Sea_cloud_bridge.jpg;Oceanhistory;https://creativecommons.org/licenses/by-sa/4.0;https://commons.wikimedia.org/wiki/File:Sea_cloud_bridge.jpg;Adapted from orginal
Sea Cloud;Flag_of_the_United_States_(1912-1959).svg;jacobolus;Public domain;https://commons.wikimedia.org/wiki/File:Flag_of_the_United_States_(1912-1959).svg;Adapted from orginal
Sea Cloud;Wikisource-logo.svg;;https://creativecommons.org/licenses/by-sa/3.0;https://commons.wikimedia.org/wiki/File:Wikisource-logo.svg;Adapted from orginal
Sea Cloud;Commons-logo.svg;Reidab;https://creativecommons.org/licenses/by-sa/3.0;https://commons.wikimedia.org/wiki/File:Commons-logo.svg;Adapted from orginal
Sea Cloud;Flag_of_Germany.svg;User:SKopp;Public domain;https://commons.wikimedia.org/wiki/File:Flag_of_Germany.svg;Adapted from orginal
Sea Cloud;Flag_of_the_United_Kingdom.svg;Unknown;Public domain;https://commons.wikimedia.org/wiki/File:Flag_of_the_United_Kingdom_(3-5).svg;Adapted from orginal
Sea Cloud;Flag_of_the_United_States.svg;Dbenbenn;Public domain;https://commons.wikimedia.org/wiki/File:Flag_of_the_United_States.svg;Adapted from orginal
Sea Cloud;Symbol_support_vote.svg;Zscout370;Public domain;https://commons.wikimedia.org/wiki/File:Symbol_support_vote.svg;Adapted from orginal
SeaDream II;Civil_Ensign_of_the_Bahamas.svg;Mike Rohsopht;Public domain;https://commons.wikimedia.org/wiki/File:Civil_Ensign_of_the_Bahamas.svg;Adapted from orginal
SeaDream II;Flag_of_Norway.svg;Gutten på Hemsen;Public domain;https://commons.wikimedia.org/wiki/File:Flag_of_Norway.svg;Adapted from orginal
SeaDream II;SeaDream_II_yacht.jpg;Orlovic;Public domain;https://commons.wikimedia.org/wiki/File:SeaDream_II_yacht.jpg;Adapted from orginal
SeaDream II;Seabourn_Sojourn_01.JPG;Piergiuliano Chesi;https://creativecommons.org/licenses/by/3.0;https://commons.wikimedia.org/wiki/File:Seabourn_Sojourn_01.JPG;Adapted from orginal
SeaDream II;Commons-logo.svg;Reidab;https://creativecommons.org/licenses/by-sa/3.0;https://commons.wikimedia.org/wiki/File:Commons-logo.svg;Adapted from orginal
SeaDream II;Civil_Ensign_of_the_Bahamas.svg;Mike Rohsopht;Public domain;https://commons.wikimedia.org/wiki/File:Civil_Ensign_of_the_Bahamas.svg;Adapted from orginal
SeaDream II;Flag_of_Norway.svg;Gutten på Hemsen;Public domain;https://commons.wikimedia.org/wiki/File:Flag_of_Norway.svg;Adapted from orginal
SeaDream II;SeaDream_II_yacht.jpg;Orlovic;Public domain;https://commons.wikimedia.org/wiki/File:SeaDream_II_yacht.jpg;Adapted from orginal
SeaDream II;Seabourn_Sojourn_01.JPG;Piergiuliano Chesi;https://creativecommons.org/licenses/by/3.0;https://commons.wikimedia.org/wiki/File:Seabourn_Sojourn_01.JPG;Adapted from orginal
SeaDream II;Commons-logo.svg;Reidab;https://creativecommons.org/licenses/by-sa/3.0;https://commons.wikimedia.org/wiki/File:Commons-logo.svg;Adapted from orginal
Serene (yacht);Flag_of_Bermuda.svg;;Public domain;https://commons.wikimedia.org/wiki/File:Flag_of_Bermuda.svg;Adapted from orginal
Serene (yacht);Galiote.jpg;Rama;Public domain;https://commons.wikimedia.org/wiki/File:Galiote.jpg;Adapted from orginal
Serene (yacht);Serene_2.jpg;Ngw2009;http://creativecommons.org/publicdomain/zero/1.0/deed.en;https://commons.wikimedia.org/wiki/File:Serene_2.jpg;Adapted from orginal
Skat (yacht);Civil_Ensign_of_the_Cayman_Islands.svg;Great Brightstar;Public domain;https://commons.wikimedia.org/wiki/File:Civil_Ensign_of_the_Cayman_Islands.svg;Adapted from orginal
Skat (yacht);Y_Skat_berthed_at_the_North_Mole,_Port_of_Gibraltar.jpg;Moshi Anahory;https://creativecommons.org/licenses/by-sa/2.0;https://commons.wikimedia.org/wiki/File:Y_Skat_berthed_at_the_North_Mole,_Port_of_Gibraltar.jpg;Adapted from orginal
Skat (yacht);Yacht_SKAT.JPG;Dde0apb;https://creativecommons.org/licenses/by-sa/3.0;https://commons.wikimedia.org/wiki/File:Yacht_SKAT.JPG;Adapted from orginal
Skat (yacht);Yacht_Skat1.JPG;Dde0apb;https://creativecommons.org/licenses/by-sa/3.0;https://commons.wikimedia.org/wiki/File:Yacht_Skat1.JPG;Adapted from orginal
Skat (yacht);Commons-logo.svg;Reidab;https://creativecommons.org/licenses/by-sa/3.0;https://commons.wikimedia.org/wiki/File:Commons-logo.svg;Adapted from orginal
Skat (yacht);Question_book-new.svg;en:User:Saranphat.cha;http://creativecommons.org/licenses/by-sa/3.0/;https://commons.wikimedia.org/wiki/File:Question_book-new.svg;Adapted from orginal
Skyfall;Symbol_support_vote.svg;Zscout370;Public domain;https://commons.wikimedia.org/wiki/File:Symbol_support_vote.svg;Adapted from orginal
Skyfall;Video-x-generic.svg;Jakub Steiner;Public domain;https://commons.wikimedia.org/wiki/File:Video-x-generic.svg;Adapted from orginal
Solandge (Original Name);N/A;;;;Adapted from orginal
Solaris (yacht);Flag_of_Bermuda.svg;;Public domain;https://commons.wikimedia.org/wiki/File:Flag_of_Bermuda.svg;Adapted from orginal
Solaris (yacht);My_Solaris_in_Göcek_2025.jpg;Karachun;https://creativecommons.org/licenses/by-sa/4.0;https://commons.wikimedia.org/wiki/File:My_Solaris_in_G%C3%B6cek_2025.jpg;Adapted from orginal
Solor;COLLECTIE_TROPENMUSEUM_Gezicht_uit_het_fort_van_Solor_op_Tedoenara_TMnr_60033462.jpg;Unknown author;https://creativecommons.org/licenses/by-sa/3.0;https://commons.wikimedia.org/wiki/File:COLLECTIE_TROPENMUSEUM_Gezicht_uit_het_fort_van_Solor_op_Tedoenara_TMnr_60033462.jpg;Adapted from orginal
Solor;COLLECTIE_TROPENMUSEUM_Portret_van_een_groep_mannen_van_Poelau_Solor_in_krijgskleding_TMnr_60007331.jpg;Dhr. C.C.F.M. (Charles Constant François Marie) Le Roux (Fotograaf/photographer).;https://creativecommons.org/licenses/by-sa/3.0;https://commons.wikimedia.org/wiki/File:COLLECTIE_TROPENMUSEUM_Portret_van_een_groep_mannen_van_Poelau_Solor_in_krijgskleding_TMnr_60007331.jpg;Adapted from orginal
Solor;Fortaleza_de_Solor.jpg;Teodoro de Matos;Public domain;https://commons.wikimedia.org/wiki/File:Fortaleza_de_Solor.jpg;Adapted from orginal
Solor;Icône_Ile.svg;;https://creativecommons.org/licenses/by-sa/3.0;https://commons.wikimedia.org/wiki/File:Ic%C3%B4ne_Ile.svg;Adapted from orginal
Solor;Solorarchipel.png;Wybe;http://creativecommons.org/licenses/by-sa/3.0/;https://commons.wikimedia.org/wiki/File:Solorarchipel.png;Adapted from orginal
Solor;OOjs_UI_icon_edit-ltr-progressive.svg;https://phabricator.wikimedia.org/diffusion/GOJU/browse/master/AUTHORS.txt;http://opensource.org/licenses/mit-license.php;https://commons.wikimedia.org/wiki/File:OOjs_UI_icon_edit-ltr-progressive.svg;Adapted from orginal
Sophia (yacht);Civil_Ensign_of_the_Cayman_Islands.svg;Great Brightstar;Public domain;https://commons.wikimedia.org/wiki/File:Civil_Ensign_of_the_Cayman_Islands.svg;Adapted from orginal
Sophia (yacht);Feadship_Motor_Yacht_Faith.jpg;Brunobuisson;https://creativecommons.org/licenses/by-sa/4.0;https://commons.wikimedia.org/wiki/File:Feadship_Motor_Yacht_Faith.jpg;Adapted from orginal
Sophia (yacht);Civil_Ensign_of_the_Cayman_Islands.svg;Great Brightstar;Public domain;https://commons.wikimedia.org/wiki/File:Civil_Ensign_of_the_Cayman_Islands.svg;Adapted from orginal
Sophia (yacht);Feadship_Motor_Yacht_Faith.jpg;Brunobuisson;https://creativecommons.org/licenses/by-sa/4.0;https://commons.wikimedia.org/wiki/File:Feadship_Motor_Yacht_Faith.jpg;Adapted from orginal
Sophia (yacht);Civil_Ensign_of_the_Cayman_Islands.svg;Great Brightstar;Public domain;https://commons.wikimedia.org/wiki/File:Civil_Ensign_of_the_Cayman_Islands.svg;Adapted from orginal
Sophia (yacht);Feadship_Motor_Yacht_Faith.jpg;Brunobuisson;https://creativecommons.org/licenses/by-sa/4.0;https://commons.wikimedia.org/wiki/File:Feadship_Motor_Yacht_Faith.jpg;Adapted from orginal
Sunrays (Original Name);N/A;;;;Adapted from orginal
Symphony (yacht);Civil_Ensign_of_the_Cayman_Islands.svg;Great Brightstar;Public domain;https://commons.wikimedia.org/wiki/File:Civil_Ensign_of_the_Cayman_Islands.svg;Adapted from orginal
Symphony (yacht);Superyacht_Symphony_(101,5_m).jpg;DrPhilippLehmann;https://creativecommons.org/licenses/by-sa/4.0;https://commons.wikimedia.org/wiki/File:Superyacht_Symphony_(101,5_m).jpg;Adapted from orginal
Talitha (yacht);Talitha_in_Carrick_Roads_(33969026942).jpg;Tim Green;https://creativecommons.org/licenses/by/2.0;https://commons.wikimedia.org/wiki/File:Talitha_in_Carrick_Roads_(33969026942).jpg;Adapted from orginal
Talitha (yacht);PD-icon.svg;File:PD-icon.png;Public domain;https://commons.wikimedia.org/wiki/File:PD-icon.svg;Adapted from orginal
Tatoosh (yacht);Civil_Ensign_of_the_Cayman_Islands.svg;Great Brightstar;Public domain;https://commons.wikimedia.org/wiki/File:Civil_Ensign_of_the_Cayman_Islands.svg;Adapted from orginal
Tatoosh (yacht);MV-Tatoosh---La-Rochelle.jpg;;https://creativecommons.org/licenses/by-sa/2.5;https://commons.wikimedia.org/wiki/File:MV-Tatoosh---La-Rochelle.jpg;Adapted from orginal
Tatoosh (yacht);Tatoosh,_V&A_Waterfront,_Cape_Town,_18_Oct_2008.JPG;Cupcake80;https://creativecommons.org/licenses/by-sa/3.0;https://commons.wikimedia.org/wiki/File:Tatoosh,_V%26A_Waterfront,_Cape_Town,_18_Oct_2008.JPG;Adapted from orginal
Tatoosh (yacht);Tatoosh---Paul-Allen---MS.jpg;Intersofia;Public domain;https://commons.wikimedia.org/wiki/File:Tatoosh---Paul-Allen---MS.jpg;Adapted from orginal
Tatoosh (yacht);Commons-logo.svg;Reidab;https://creativecommons.org/licenses/by-sa/3.0;https://commons.wikimedia.org/wiki/File:Commons-logo.svg;Adapted from orginal
Theodore Angelopoulos;Ambox_important.svg;Dsmurat;Public domain;https://commons.wikimedia.org/wiki/File:Ambox_important.svg;Adapted from orginal
Titan (yacht);Flag_of_Bermuda.svg;;Public domain;https://commons.wikimedia.org/wiki/File:Flag_of_Bermuda.svg;Adapted from orginal
Titan (yacht);Titan_Ship_2010.JPG;An-d;https://creativecommons.org/licenses/by-sa/3.0;https://commons.wikimedia.org/wiki/File:Titan_Ship_2010.JPG;Adapted from orginal
Tranquility (yacht);1mdb_logo.png;1Malaysia Development Berhad;Public domain;https://commons.wikimedia.org/wiki/File:1mdb_logo.png;Adapted from orginal
Tranquility (yacht);Civil_Ensign_of_the_Cayman_Islands.svg;Great Brightstar;Public domain;https://commons.wikimedia.org/wiki/File:Civil_Ensign_of_the_Cayman_Islands.svg;Adapted from orginal
Tranquility (yacht);Equanimity,_the_seized_yacht.jpg;Sabung.hamster aka Everyone Sinks Starco;https://creativecommons.org/licenses/by-sa/4.0;https://commons.wikimedia.org/wiki/File:Equanimity,_the_seized_yacht.jpg;Adapted from orginal
Vava II;Anchor.svg;EugeneZelenko;http://creativecommons.org/publicdomain/zero/1.0/deed.en;https://commons.wikimedia.org/wiki/File:Anchor.svg;Adapted from orginal
Vava II;Yacht_Vava_II_NY2.jpg;Acroterion;https://creativecommons.org/licenses/by-sa/4.0;https://commons.wikimedia.org/wiki/File:Yacht_Vava_II_NY2.jpg;Adapted from orginal
Vava II;Anchor.svg;EugeneZelenko;http://creativecommons.org/publicdomain/zero/1.0/deed.en;https://commons.wikimedia.org/wiki/File:Anchor.svg;Adapted from orginal
Vava II;Yacht_Vava_II_NY2.jpg;Acroterion;https://creativecommons.org/licenses/by-sa/4.0;https://commons.wikimedia.org/wiki/File:Yacht_Vava_II_NY2.jpg;Adapted from orginal
Venus (yacht);Civil_Ensign_of_the_Cayman_Islands.svg;Great Brightstar;Public domain;https://commons.wikimedia.org/wiki/File:Civil_Ensign_of_the_Cayman_Islands.svg;Adapted from orginal
Venus (yacht);Flag_of_the_Netherlands.svg;Zscout370;Public domain;https://commons.wikimedia.org/wiki/File:Flag_of_the_Netherlands.svg;Adapted from orginal
Venus (yacht);Galiote.jpg;Rama;Public domain;https://commons.wikimedia.org/wiki/File:Galiote.jpg;Adapted from orginal
Venus (yacht);Venus_(super_yacht_designed_by_Philippe_Starck),_Port_de_Palma,_Majorca,_Spain_-_2022-08-20.jpg;WestportWiki;https://creativecommons.org/licenses/by-sa/4.0;https://commons.wikimedia.org/wiki/File:Venus_(super_yacht_designed_by_Philippe_Starck),_Port_de_Palma,_Majorca,_Spain_-_2022-08-20.jpg;Adapted from orginal
Vibrant Curiosity;Civil_Ensign_of_the_United_Kingdom.svg;Great Brightstar;Public domain;https://commons.wikimedia.org/wiki/File:Civil_Ensign_of_the_United_Kingdom.svg;Adapted from orginal
Vibrant Curiosity;Galiote.jpg;Rama;Public domain;https://commons.wikimedia.org/wiki/File:Galiote.jpg;Adapted from orginal
Vibrant Curiosity;Vibrant_Curiosity,_July_2017.jpg;Jaybaum;https://creativecommons.org/licenses/by-sa/4.0;https://commons.wikimedia.org/wiki/File:Vibrant_Curiosity,_July_2017.jpg;Adapted from orginal
Vibrant Curiosity;Vibrant_curiosity.png;Ztarbreaker;https://creativecommons.org/licenses/by-sa/3.0;https://commons.wikimedia.org/wiki/File:Vibrant_curiosity.png;Adapted from orginal
Whisper (yacht);Kismet_(ship,_2014)_in_Sète.jpg;Christian Ferrer;https://creativecommons.org/licenses/by/4.0;https://commons.wikimedia.org/wiki/File:Kismet_(ship,_2014)_in_S%C3%A8te.jpg;Adapted from orginal
Whisper (yacht);"London_MMB_»281_City_Canal_and_""Kismet"".jpg";;https://creativecommons.org/licenses/by-sa/4.0;https://commons.wikimedia.org/wiki/File:London_MMB_%C2%BB281_City_Canal_and_%22Kismet%22.jpg;Adapted from orginal
Whisper (yacht);Commons-logo.svg;Reidab;https://creativecommons.org/licenses/by-sa/3.0;https://commons.wikimedia.org/wiki/File:Commons-logo.svg;Adapted from orginal
Yas (yacht);Flag_of_the_Netherlands.svg;Zscout370;Public domain;https://commons.wikimedia.org/wiki/File:Flag_of_the_Netherlands.svg;Adapted from orginal
Yas (yacht);Flag_of_the_United_Arab_Emirates.svg;;Public domain;https://commons.wikimedia.org/wiki/File:Flag_of_the_United_Arab_Emirates.svg;Adapted from orginal
Yas (yacht);Galiote.jpg;Rama;Public domain;https://commons.wikimedia.org/wiki/File:Galiote.jpg;Adapted from orginal
Yas (yacht);HNLMS_Piet_Hein_(F811).jpg;Ministerie van Defensie;https://creativecommons.org/licenses/by-sa/1.0;https://commons.wikimedia.org/wiki/File:HNLMS_Piet_Hein_(F811).jpg;Adapted from orginal
Yas (yacht);Naval_Jack_of_the_Netherlands.svg;David Newton;http://creativecommons.org/licenses/by-sa/3.0/;https://commons.wikimedia.org/wiki/File:Naval_Jack_of_the_Netherlands.svg;Adapted from orginal
Yas (yacht);Yas_yacht_in_Barcelona_port.jpg;Harvey Barrison;https://creativecommons.org/licenses/by-sa/2.0;https://commons.wikimedia.org/wiki/File:Yas_yacht_in_Barcelona_port.jpg;Adapted from orginal
Yasmine of the Sea;Stargate.JPG;CarstenCGN;https://creativecommons.org/licenses/by-sa/3.0;https://commons.wikimedia.org/wiki/File:Stargate.JPG;Adapted from orginal